ADM0_EN,ADM0_TH,ADM0_PCODE,ADM1_EN,ADM2_TH,ADM1_Pcode,Year,Both_TOTAL,Both_00_04,Both_05_09,Both_10_14,Both_15_19,Both_20_24,Both_25_29,Both_30_34,Both_35_39,Both_40_44,Both_45_49,Both_50_54,Both_55_59,Both_60_64,Both_65_69,Both_70_74,Both_75_79,Both_80plus,Male_TOTAL,Male_00_04,Male_05_09,Male_10_14,Male_15_19,Male_20_24,Male_25_29,Male_30_34,Male_35_39,Male_40_44,Male_45_49,Male_50_54,Male_55_59,Male_60_64,Male_65_69,Male_70_74,Male_75_79,Male_80plus,Female_TOTAL,Female_00_04,Female_05_09,Female_10_14,Female_15_19,Female_20_24,Female_25_29,Female_30_34,Female_35_39,Female_40_44,Female_45_49,Female_50_54,Female_55_59,Female_60_64,Female_65_69,Female_70_74,Female_75_79,Female_80plus
Thailand,ประเทศไทย,TH,AMNAT CHAROEN,อำนาจเจริญ,TH37,2020,203893,13701,14418,15321,12928,7921,8769,9820,14523,16884,16009,16484,16128,14003,10657,6753,4705,4869,100270,7048,7412,7766,6783,4318,4498,4828,7008,8405,8049,8059,7876,6574,4935,2856,1946,1909,103623,6653,7006,7555,6145,3603,4271,4992,7515,8479,7960,8425,8252,7429,5722,3897,2759,2960
Thailand,ประเทศไทย,TH,ANG THONG,อ่างทอง,TH15,2020,216643,11239,11677,12784,12140,10397,11673,11129,12604,14872,17200,17853,18340,15896,12452,10604,7350,8433,102162,5730,6113,6532,6454,5484,6183,5573,6175,7261,8044,8002,8069,7002,5232,4394,2962,2952,114481,5509,5564,6252,5686,4913,5490,5556,6429,7611,9156,9851,10271,8894,7220,6210,4388,5481
Thailand,ประเทศไทย,TH,BUENG KAN,บึงกาฬ,TH38,2020,306619,24210,24729,23136,17256,11942,15132,17491,22362,23599,22647,23642,22654,20342,15037,9306,6342,6792,151605,12318,12682,11830,8766,6314,7807,8601,10947,11908,10985,11448,11035,9928,7065,4320,2743,2908,155014,11892,12047,11306,8490,5628,7325,8890,11415,11691,11662,12194,11619,10414,7972,4986,3599,3884
Thailand,ประเทศไทย,TH,BURI RAM,บุรีรัมย์,TH31,2020,985709,73876,76559,76301,59169,37743,41310,46815,62988,71075,72116,74523,76162,72932,54666,36697,25178,27599,477460,37655,39296,39009,30316,19849,20994,22649,30043,34303,34387,35664,36078,34298,25262,16367,10696,10594,508249,36221,37263,37292,28853,17894,20316,24166,32945,36772,37729,38859,40084,38634,29404,20330,14482,17005
Thailand,ประเทศไทย,TH,CHACHOENGSAO,ฉะเชิงเทรา,TH24,2020,738516,41918,40500,41023,43814,47633,56498,50761,53963,58166,55636,54107,50735,44321,34380,25475,17143,22443,364128,21780,20762,21317,23159,25266,29984,26248,26849,29224,27365,25803,23642,20364,15499,11362,7237,8267,374388,20138,19738,19706,20655,22367,26514,24513,27114,28942,28271,28304,27093,23957,18881,14113,9906,14176
Thailand,ประเทศไทย,TH,CHAI NAT,ชัยนาท,TH18,2020,234108,12544,12263,12668,12390,9450,10087,10399,12922,16225,19580,20567,21814,18999,15192,11957,8053,8998,110885,6463,6241,6514,6564,5054,5277,5267,6334,7781,9164,9307,9775,8458,6666,5224,3411,3385,123223,6081,6022,6154,5826,4396,4810,5132,6588,8444,10416,11260,12039,10541,8526,6733,4642,5613
Thailand,ประเทศไทย,TH,CHAIYAPHUM,ชัยภูมิ,TH36,2020,764624,48386,49487,50481,42151,28678,31620,34884,49704,60527,61057,65708,64917,61227,44458,30625,20093,20621,371268,24337,25458,25734,22343,15264,16182,17051,23953,29494,29658,31391,30851,28654,20452,13829,8683,7934,393356,24049,24029,24747,19808,13414,15438,17833,25751,31033,31399,34317,34066,32573,24006,16796,11410,12687
Thailand,ประเทศไทย,TH,CHANTHABURI,จันทบุรี,TH22,2020,442591,25638,25461,25336,26471,27408,28324,27118,32175,35484,35793,35023,32285,26424,20544,15552,10770,12785,218130,13050,13274,13154,13528,14249,14910,13783,15953,17530,17476,16801,15254,12515,9833,7161,4722,4937,224461,12588,12187,12182,12943,13159,13414,13335,16222,17954,18317,18222,17031,13909,10711,8391,6048,7848
Thailand,ประเทศไทย,TH,CHIANG MAI,เชียงใหม่,TH50,2020,1809819,82764,86552,87685,123123,148813,126453,106116,107206,124894,150758,172825,152732,112502,72466,56250,47645,51035,887442,42393,43732,45016,62688,76364,65281,53853,53314,60515,71142,82203,73026,53747,34713,25979,21714,21762,922377,40371,42820,42669,60435,72449,61172,52263,53892,64379,79616,90622,79706,58755,37753,30271,25931,29273
Thailand,ประเทศไทย,TH,CHIANG RAI,เชียงราย,TH57,2020,1089821,57261,60507,63391,64121,56641,57404,54786,65145,80424,97386,109895,100763,75149,52406,37045,29072,28425,536094,28827,30920,32388,33440,29668,29542,27855,32421,38728,46783,52667,48491,36411,24954,17413,13374,12212,553727,28434,29587,31003,30681,26973,27862,26931,32724,41696,50603,57228,52272,38738,27452,19632,15698,16213
Thailand,ประเทศไทย,TH,CHON BURI,ชลบุรี,TH20,2020,2147385,36637,89726,90749,119893,184712,257041,220941,215607,196185,164873,142708,117584,116572,89142,46686,27591,30738,1080403,17002,41836,41138,53300,84841,123618,115245,115844,105199,87780,73876,59561,63453,51922,22441,11705,11642,1066982,19635,47890,49611,66593,99871,133423,105696,99763,90986,77093,68832,58023,53119,37220,24245,15886,19096
Thailand,ประเทศไทย,TH,CHUMPHON,ชุมพร,TH86,2020,441213,26312,24882,26114,26495,29419,32241,30197,34007,36123,33421,32140,27940,24391,18659,14344,11060,13468,223600,13292,12809,13522,14241,16147,17411,16138,17594,18916,16977,16027,13564,11495,8630,6746,4840,5251,217613,13020,12073,12592,12254,13272,14830,14059,16413,17207,16444,16113,14376,12896,10029,7598,6220,8217
Thailand,ประเทศไทย,TH,KALASIN,กาฬสินธุ์,TH46,2020,664356,41957,43672,45446,40035,26675,27415,31284,47040,56827,54306,55373,55360,51351,37946,21673,14142,13854,323948,21410,22508,23233,20659,13933,14045,15267,22792,28210,26729,27027,26243,23909,17257,9296,5990,5440,340408,20547,21164,22213,19376,12742,13370,16017,24248,28617,27577,28346,29117,27442,20689,12377,8152,8414
Thailand,ประเทศไทย,TH,KAMPHAENG PHET,กำแพงเพชร,TH62,2020,842777,52975,54150,54202,49440,41016,42703,44030,54073,64092,69030,70962,69957,59659,42588,31321,20920,21659,413133,27227,28041,27584,25502,21810,22398,21974,26890,31313,33452,33646,33447,27979,19705,14478,9182,8505,429644,25748,26109,26618,23938,19206,20305,22056,27183,32779,35578,37316,36510,31680,22883,16843,11738,13154
Thailand,ประเทศไทย,TH,KANCHANABURI,กาญจนบุรี,TH71,2020,778936,47792,49825,49836,48210,51887,51204,47984,55436,59318,59716,62966,56249,46804,34571,24270,15558,17310,386447,24796,25673,25879,25276,28697,26772,24404,27482,28925,28675,30203,26881,21873,16207,11127,6972,6605,392489,22996,24152,23957,22934,23190,24432,23580,27954,30393,31041,32763,29368,24931,18364,13143,8586,10705
Thailand,ประเทศไทย,TH,KHON KAEN,ขอนแก่น,TH40,2020,1630099,88042,88746,96337,112608,114797,88621,87042,111065,131214,126517,130826,127334,118882,86439,53189,33432,35008,790865,47588,45633,49250,56556,56376,44403,42489,53484,63849,61209,62541,60917,55440,39414,23861,14038,13817,839234,40454,43113,47087,56052,58421,44218,44553,57581,67365,65308,68285,66417,63442,47025,29328,19394,21191
Thailand,ประเทศไทย,TH,KRABI,กระบี่,TH81,2020,347995,26700,25006,22973,21905,24826,27770,25032,27852,27575,25452,22936,19578,15649,11534,8993,6495,7719,174610,13700,12926,11768,11591,13044,14061,12284,13924,14083,12765,11255,9428,7528,5505,4294,3075,3379,173385,13000,12080,11205,10314,11782,13709,12748,13928,13492,12687,11681,10150,8121,6029,4699,3420,4340
Thailand,ประเทศไทย,TH,KRUNG THEP MAHA NAKHON,กรุงเทพมหานคร,TH10,2020,10709136,421958,418750,436414,626912,995265,1126464,978271,983765,951611,849174,784336,655784,529162,350779,250786,153166,196539,5224009,213300,217867,224881,321790,479188,550367,488678,501752,478958,420022,381153,307811,240698,152993,110630,62418,71503,5485127,208658,200883,211533,305122,516077,576097,489593,482013,472653,429152,403183,347973,288464,197786,140156,90748,125036
Thailand,ประเทศไทย,TH,LAMPANG,ลำปาง,TH52,2020,632799,25957,27837,32896,34195,26484,24261,25829,36908,49180,60597,68085,63827,48764,35820,27549,21848,22762,311960,13252,14140,16897,18053,14387,12915,13049,17944,23878,29364,33457,31324,23929,16981,13014,10025,9351,320839,12705,13697,15999,16142,12097,11346,12780,18964,25302,31233,34628,32503,24835,18839,14535,11823,13411
Thailand,ประเทศไทย,TH,LAMPHUN,ลำพูน,TH51,2020,377527,14534,14795,16184,19184,22567,30907,24613,22457,26616,33365,37350,34795,25591,18634,13450,10788,11697,183601,7517,7447,8272,9961,11527,15496,12170,11043,12888,15918,17593,16416,12060,8943,6429,4990,4931,193926,7017,7348,7912,9223,11040,15411,12443,11414,13728,17447,19757,18379,13531,9691,7021,5798,6766
Thailand,ประเทศไทย,TH,LOEI,เลย,TH42,2020,446635,27317,26651,26625,25563,22195,22468,23862,30103,36873,37138,38927,35957,30937,23769,14939,10629,12682,222866,14085,13609,13766,13212,11560,11688,11875,14699,18607,18378,19220,17698,15160,11654,7132,4863,5660,223769,13232,13042,12859,12351,10635,10780,11987,15404,18266,18760,19707,18259,15777,12115,7807,5766,7022
Thailand,ประเทศไทย,TH,LOP BURI,ลพบุรี,TH16,2020,718935,37665,39960,41500,40950,50960,40536,39105,44660,54482,59547,60363,56906,47792,37131,27526,19362,20490,357763,19688,20706,21514,21598,32948,21579,19827,21765,26602,28540,28953,26560,21998,16579,12242,8594,8070,361172,17977,19254,19986,19352,18012,18957,19278,22895,27880,31007,31410,30346,25794,20552,15284,10768,12420
Thailand,ประเทศไทย,TH,MAE HONG SON,แม่ฮ่องสอน,TH58,2020,187041,13555,15780,14820,12205,11066,12686,11437,12434,13695,13624,13395,12373,9511,7226,5121,3720,4393,95485,6975,8119,7494,6203,5842,6474,5744,6257,7029,7015,6977,6185,4885,3684,2612,1820,2170,91556,6580,7661,7326,6002,5224,6212,5693,6177,6666,6609,6418,6188,4626,3542,2509,1900,2223
Thailand,ประเทศไทย,TH,MAHA SARAKHAM,มหาสารคาม,TH44,2020,655502,37558,40033,42387,45259,38192,25519,29634,43305,52085,50949,53671,55391,54168,38884,21872,14016,12579,315185,19285,20633,21745,22313,18340,13041,14439,20730,25426,24958,26187,26109,24850,17592,9350,5654,4533,340317,18273,19400,20642,22946,19852,12478,15195,22575,26659,25991,27484,29282,29318,21292,12522,8362,8046
Thailand,ประเทศไทย,TH,MUKDAHAN,มุกดาหาร,TH49,2020,365780,24495,25274,27278,23286,16377,19626,20951,27560,31134,28651,27892,26342,23552,16711,10892,7629,8130,181459,12545,12788,13670,11991,8728,10232,10494,13676,15921,14034,13738,12861,11227,7937,4889,3245,3483,184321,11950,12486,13608,11295,7649,9394,10457,13884,15213,14617,14154,13481,12325,8774,6003,4384,4647
Thailand,ประเทศไทย,TH,NAKHON NAYOK,นครนายก,TH26,2020,227464,12463,12050,12415,17487,15526,13001,12138,13884,16079,16919,17088,17259,14941,12306,9368,6526,8014,110870,6564,6114,6441,9144,8570,6965,6223,6860,7813,8235,8120,7856,6746,5351,4126,2804,2938,116594,5899,5936,5974,8343,6956,6036,5915,7024,8266,8684,8968,9403,8195,6955,5242,3722,5076
Thailand,ประเทศไทย,TH,NAKHON PATHOM,นครปฐม,TH73,2020,1028904,50556,49715,55426,75191,81805,82370,76975,81158,83856,80639,75883,67680,54717,39651,29605,19370,24307,502005,26124,25716,29904,38893,42460,42261,39159,39971,41503,38318,35255,30804,24460,17397,12928,7936,8916,526899,24432,23999,25522,36298,39345,40109,37816,41187,42353,42321,40628,36876,30257,22254,16677,11434,15391
Thailand,ประเทศไทย,TH,NAKHON PHANOM,นครพนม,TH48,2020,449625,32475,34484,34133,26695,18302,20796,24218,32487,35558,34217,34983,34286,31041,23099,13529,9211,10111,218924,16469,17587,17376,13724,9769,10611,11938,15943,17717,16783,16758,16102,14236,10344,5784,3712,4071,230701,16006,16897,16757,12971,8533,10185,12280,16544,17841,17434,18225,18184,16805,12755,7745,5499,6040
Thailand,ประเทศไทย,TH,NAKHON RATCHASIMA,นครราชสีมา,TH30,2020,2368321,143764,143754,147859,149158,143863,136981,141922,163075,184132,180886,185216,172412,154186,114918,84926,56103,65166,1162539,74155,74308,76766,76927,76254,70678,71334,80519,91595,87714,88222,81933,71963,52465,38596,24282,24828,1205782,69609,69446,71093,72231,67609,66303,70588,82556,92537,93172,96994,90479,82223,62453,46330,31821,40338
Thailand,ประเทศไทย,TH,NAKHON SAWAN,นครสวรรค์,TH60,2020,826586,44043,44772,46975,47763,42543,42233,40470,50839,61833,69912,71478,70709,61308,46297,35810,23722,25879,398859,22656,22976,24145,24980,22223,21683,20356,25121,30129,33482,33398,32764,28128,20779,15910,10221,9908,427727,21387,21796,22830,22783,20320,20550,20114,25718,31704,36430,38080,37945,33180,25518,19900,13501,15971
Thailand,ประเทศไทย,TH,NAKHON SI THAMMARAT,นครศรีธรรมราช,TH80,2020,1260910,77881,78175,79699,78261,72530,73912,72687,87396,92956,93192,89954,86655,80160,66435,48726,36509,45782,619423,40165,40653,41410,40694,38959,39347,37101,43692,46832,45984,42981,40566,36643,29893,21638,15494,17371,641487,37716,37522,38289,37567,33571,34565,35586,43704,46124,47208,46973,46089,43517,36542,27088,21015,28411
Thailand,ประเทศไทย,TH,NAN,น่าน,TH55,2020,402916,22779,22622,25529,22771,14908,16163,17047,22925,32704,38560,40764,37448,27225,22951,15196,11695,11629,200848,11714,11597,12965,12276,8444,8524,8376,11098,15917,19034,20095,18697,13438,10989,7203,5422,5059,202068,11065,11025,12564,10495,6464,7639,8671,11827,16787,19526,20669,18751,13787,11962,7993,6273,6570
Thailand,ประเทศไทย,TH,NARATHIWAT,นราธิวาส,TH96,2020,610304,52026,54552,50912,47275,45082,45417,36307,39111,40838,39969,33626,35276,29950,21709,16247,10713,11294,303474,26526,27940,25866,24436,23255,23134,17987,19177,20474,19665,16558,17249,14374,9986,7038,4844,4965,306830,25500,26612,25046,22839,21827,22283,18320,19934,20364,20304,17068,18027,15576,11723,9209,5869,6329
Thailand,ประเทศไทย,TH,NONG BUA LAMPHU,หนองบัวลำภู,TH39,2020,438010,32220,33253,32977,25432,16634,19241,21729,29388,35160,34074,36174,36179,31901,22512,13645,8614,8877,212826,16392,17269,16853,13053,8808,9536,10289,13908,17369,16574,17343,17296,14683,10420,6112,3575,3346,225184,15828,15984,16124,12379,7826,9705,11440,15480,17791,17500,18831,18883,17218,12092,7533,5039,5531
Thailand,ประเทศไทย,TH,NONG KHAI,หนองคาย,TH43,2020,379636,25445,27475,29250,23333,16277,17328,20295,26792,30455,30039,31375,28857,25493,18922,11980,8169,8151,184002,12676,13912,15124,12119,8284,8687,9749,12920,14880,14640,14884,13466,11953,8597,5207,3513,3391,195634,12769,13563,14126,11214,7993,8641,10546,13872,15575,15399,16491,15391,13540,10325,6773,4656,4760
Thailand,ประเทศไทย,TH,NONTHABURI,นนทบุรี,TH12,2020,1940476,73988,75123,85054,103698,136817,155531,152834,164430,183716,171170,159204,135801,124779,86957,57638,36375,37361,926540,36491,36926,43678,53978,71431,78388,76738,77718,92527,81496,74542,56845,55258,37148,24894,16183,12299,1013936,37497,38197,41376,49720,65386,77143,76096,86712,91189,89674,84662,78956,69521,49809,32744,20192,25062
Thailand,ประเทศไทย,TH,PATHUM THANI,ปทุมธานี,TH13,2020,2352209,97052,95748,93503,147255,245768,259106,219658,220035,212217,179362,155854,130591,107105,77799,49933,28709,32514,1144041,49653,49427,48022,68649,115479,128988,108438,108343,107536,89480,75764,60615,48797,35706,23415,12635,13094,1208168,47399,46321,45481,78606,130289,130118,111220,111692,104681,89882,80090,69976,58308,42093,26518,16074,19420
Thailand,ประเทศไทย,TH,PATTANI,ปัตตานี,TH94,2020,557875,46580,49890,48149,47516,45214,37302,30841,33035,34457,33894,29523,31112,26923,21431,17244,11773,12991,272475,23675,25361,24175,23940,23963,19476,15329,16093,16734,16137,13991,14371,12350,9408,7294,4900,5278,285400,22905,24529,23974,23576,21251,17826,15512,16942,17723,17757,15532,16741,14573,12023,9950,6873,7713
Thailand,ประเทศไทย,TH,PHANGNGA,พังงา,TH82,2020,254114,18750,16650,15520,14846,16068,19535,17798,19282,20207,18693,18030,16345,13009,10190,7391,5418,6382,129864,9489,8432,8064,8040,8843,10697,9523,9941,10592,9432,8947,7912,6336,4889,3515,2505,2707,124250,9261,8218,7456,6806,7225,8838,8275,9341,9615,9261,9083,8433,6673,5301,3876,2913,3675
Thailand,ประเทศไทย,TH,PHATTHALUNG,พัทลุง,TH93,2020,419456,27546,25877,27495,26441,21048,22045,22962,28956,31206,30405,30487,30306,28280,23229,15918,11968,15287,202735,13967,13357,14245,13689,11229,11613,11401,13946,15414,14691,14209,13928,12598,10540,7127,5001,5780,216721,13579,12520,13250,12752,9819,10432,11561,15010,15792,15714,16278,16378,15682,12689,8791,6967,9507
Thailand,ประเทศไทย,TH,PHAYAO,พะเยา,TH56,2020,313682,14338,15171,17576,18118,12897,11743,12873,17959,24384,30446,34230,32646,23972,16564,12570,9511,8684,154053,7310,7766,8986,9140,6765,6160,6410,8778,11633,14781,16489,15919,11667,8060,6011,4441,3737,159629,7028,7405,8590,8978,6132,5583,6463,9181,12751,15665,17741,16727,12305,8504,6559,5070,4947
Thailand,ประเทศไทย,TH,PHETCHABUN,เพชรบูรณ์,TH67,2020,821626,51497,53231,53331,45413,37604,37799,42066,52095,60177,66038,71529,69553,59059,44834,31989,21930,23481,402668,26218,27339,27575,23908,19861,19611,20999,25626,29514,31434,34708,33104,27864,21195,14675,9567,9470,418958,25279,25892,25756,21505,17743,18188,21067,26469,30663,34604,36821,36449,31195,23639,17314,12363,14011
Thailand,ประเทศไทย,TH,PHETCHABURI,เพชรบุรี,TH76,2020,456851,23847,23821,24979,28175,29673,28960,27084,31580,34772,35101,36324,34168,30424,22328,17307,12621,15687,221792,12601,12235,12940,14885,16295,15265,13786,15661,16861,16474,16743,15559,13722,10108,7472,5317,5868,235059,11246,11586,12039,13290,13378,13695,13298,15919,17911,18627,19581,18609,16702,12220,9835,7304,9819
Thailand,ประเทศไทย,TH,PHICHIT,พิจิตร,TH66,2020,475920,28364,28250,29575,24833,18880,20680,21847,27249,33045,39118,41925,43974,37651,28303,21999,14624,15603,229659,14396,14765,15357,13242,10081,10688,11023,13451,16014,18594,19497,20578,17345,12520,9901,6359,5848,246261,13968,13485,14218,11591,8799,9992,10824,13798,17031,20524,22428,23396,20306,15783,12098,8265,9755
Thailand,ประเทศไทย,TH,PHITSANULOK,พิษณุโลก,TH65,2020,938009,52996,52624,54596,61397,59063,46569,45930,57283,69383,78117,80802,78099,65656,48937,36243,23867,26447,455533,27303,26944,28264,29984,31931,24100,22594,27986,33914,37532,38793,36932,30637,21961,16475,10137,10046,482476,25693,25680,26332,31413,27132,22469,23336,29297,35469,40585,42009,41167,35019,26976,19768,13730,16401
Thailand,ประเทศไทย,TH,PHRA NAKHON SI AYUTTHAYA,พระนครศรีอยุธยา,TH14,2020,998279,51577,43564,44277,51474,73074,102403,88886,87398,81888,75786,66172,61895,50210,41662,30872,21105,26036,483174,26006,22264,22808,26011,35361,50253,44243,44565,41405,38733,31740,28269,22281,17552,13359,8842,9482,515105,25571,21300,21469,25463,37713,52150,44643,42833,40483,37053,34432,33626,27929,24110,17513,12263,16554
Thailand,ประเทศไทย,TH,PHRAE,แพร่,TH54,2020,335189,14527,15625,17555,18075,11523,12794,13318,18473,26279,31923,35403,35125,27936,22218,14878,10371,9166,162022,7408,7937,8964,9613,6440,6893,6654,8958,12673,15290,16776,16816,12934,10253,6460,4336,3617,173167,7119,7688,8591,8462,5083,5901,6664,9515,13606,16633,18627,18309,15002,11965,8418,6035,5549
Thailand,ประเทศไทย,TH,PHUKET,ภูเก็ต,TH83,2020,962681,57531,50554,48363,61626,84839,101536,92516,86193,82551,68438,59457,49456,45900,30949,18143,11216,13413,483420,28220,24854,23388,31362,42687,50232,46298,44661,42198,35467,28851,25072,24395,16530,8566,5662,4977,479261,29311,25700,24975,30264,42152,51304,46218,41532,40353,32971,30606,24384,21505,14419,9577,5554,8436
Thailand,ประเทศไทย,TH,PRACHIN BURI,ปราจีนบุรี,TH25,2020,669420,36996,37534,37685,39563,49210,50020,45152,48042,49704,49640,48495,46326,39573,31737,23159,16573,20011,325943,19064,19180,19190,20511,27733,25876,22433,23791,24537,23761,22585,21034,17918,14086,9909,6965,7370,343477,17932,18354,18495,19052,21477,24144,22719,24251,25167,25879,25910,25292,21655,17651,13250,9608,12641
Thailand,ประเทศไทย,TH,PRACHUAP KHIRI KHAN,ประจวบคีรีขันธ์,TH77,2020,454323,31393,26803,26429,26903,34993,32513,31624,33853,35843,34805,34752,30608,24827,17049,13076,8714,10138,228281,16248,13839,13589,14259,21097,17119,15906,16668,17578,17111,16559,14592,11980,8027,6024,3718,3967,226042,15145,12964,12840,12644,13896,15394,15718,17185,18265,17694,18193,16016,12847,9022,7052,4996,6171
Thailand,ประเทศไทย,TH,RANONG,ระนอง,TH85,2020,340692,24054,23682,23453,22893,26352,30029,27589,28763,27816,23341,22305,18052,14612,9684,7156,4977,5934,173693,12103,12355,12209,11278,13353,15775,14250,15051,14857,12146,11578,8857,7013,4605,3511,2339,2413,166999,11951,11327,11244,11615,12999,14254,13339,13712,12959,11195,10727,9195,7599,5079,3645,2638,3521
Thailand,ประเทศไทย,TH,RATCHABURI,ราชบุรี,TH70,2020,721366,40345,40550,41333,42656,43491,45278,43582,49231,53461,56299,56942,55446,47333,35568,27485,19283,23083,345226,20001,20374,20945,22222,23839,23601,22044,23983,25898,26389,26029,24967,21148,15428,11827,8036,8495,376140,20344,20176,20388,20434,19652,21677,21538,25248,27563,29910,30913,30479,26185,20140,15658,11247,14588
Thailand,ประเทศไทย,TH,RAYONG,ระยอง,TH21,2020,1188389,75838,65657,64425,71745,88257,111502,104977,111071,104900,89742,78602,66664,52812,39755,26604,17108,18730,604402,39202,33923,33019,37889,47317,59169,56256,58710,54863,44983,38362,32048,24080,18525,12117,7108,6831,583987,36636,31734,31406,33856,40940,52333,48721,52361,50037,44759,40240,34616,28732,21230,14487,10000,11899
Thailand,ประเทศไทย,TH,ROI ET,ร้อยเอ็ด,TH45,2020,848096,57403,55009,61613,50164,29978,31852,37309,55874,65923,65194,70646,72162,71397,53327,31002,20499,18744,411844,28935,28381,31689,25836,16864,16575,18207,26949,32552,31845,34025,34283,33084,24068,13272,8363,6916,436252,28468,26628,29924,24328,13114,15277,19102,28925,33371,33349,36621,37879,38313,29259,17730,12136,11828
Thailand,ประเทศไทย,TH,SA KAEO,สระแก้ว,TH27,2020,565874,42230,41986,41522,33058,27645,29001,29571,37707,44047,45533,45231,42466,35519,27112,19063,11892,12291,279983,21467,21801,21440,17395,15607,15167,14717,18237,21823,22071,22112,20204,16653,12638,8690,5209,4752,285891,20763,20185,20082,15663,12038,13834,14854,19470,22224,23462,23119,22262,18866,14474,10373,6683,7539
Thailand,ประเทศไทย,TH,SAKON NAKHON,สกลนคร,TH47,2020,768297,50853,54822,54380,48744,37324,39851,42256,56546,62745,60437,61742,58333,52294,38220,22042,13839,13869,375290,26018,27905,27815,24479,19410,20544,21020,27842,31322,29659,29327,27406,23867,17473,9683,5856,5664,393007,24835,26917,26565,24265,17914,19307,21236,28704,31423,30778,32415,30927,28427,20747,12359,7983,8205
Thailand,ประเทศไทย,TH,SAMUT PRAKAN,สมุทรปราการ,TH11,2020,2968727,120241,119335,130393,160984,233213,303893,279425,282603,281224,242003,222155,185905,145138,102363,68439,42292,49121,1454177,61568,60642,66218,85239,116635,152630,141752,139313,143227,118830,107129,85459,65386,45279,30270,17595,17005,1514550,58673,58693,64175,75745,116578,151263,137673,143290,137997,123173,115026,100446,79752,57084,38169,24697,32116
Thailand,ประเทศไทย,TH,SAMUT SAKHON,สมุทรสาคร,TH74,2020,1580413,59679,52536,53527,95431,210054,271477,187738,149515,125897,96548,79213,61560,49513,32878,23798,14476,16573,790632,30118,26319,27017,46155,101640,144013,101273,77983,65076,47243,37946,27353,22257,14187,10365,5942,5745,789781,29561,26217,26510,49276,108414,127464,86465,71532,60821,49305,41267,34207,27256,18691,13433,8534,10828
Thailand,ประเทศไทย,TH,SAMUT SONGKHRAM,สมุทรสงคราม,TH75,2020,152998,7168,7436,7691,7819,8199,9285,8914,9849,10907,11394,12208,12732,11346,9208,7101,5159,6582,73549,3810,3961,4042,4212,4346,5011,4645,4913,5426,5509,5653,5703,4846,4072,3094,2075,2231,79449,3358,3475,3649,3607,3853,4274,4269,4936,5481,5885,6555,7029,6500,5136,4007,3084,4351
Thailand,ประเทศไทย,TH,SARABURI,สระบุรี,TH19,2020,802049,59936,44744,44244,46933,51445,52744,51087,59929,65517,64990,62243,54907,45515,35123,25672,17333,19687,393471,38151,23083,22285,23950,28851,26726,25470,29447,31817,30900,28634,24278,20080,14866,10812,7174,6947,408578,21785,21661,21959,22983,22594,26018,25617,30482,33700,34090,33609,30629,25435,20257,14860,10159,12740
Thailand,ประเทศไทย,TH,SATUN,สตูล,TH91,2020,270993,22572,21595,19790,17962,17809,19465,17662,20121,19957,18637,17315,16040,13261,10115,7817,5061,5814,137586,11478,10970,10387,9752,9899,10319,9048,10048,10206,9244,8545,7835,6360,4876,3733,2316,2570,133407,11094,10625,9403,8210,7910,9146,8614,10073,9751,9393,8770,8205,6901,5239,4084,2745,3244
Thailand,ประเทศไทย,TH,SI SA KET,ศรีสะเกษ,TH33,2020,723648,52167,53197,56379,45119,27007,30182,33463,47655,54782,54963,56710,55530,52962,41729,26317,17440,18046,351213,26890,27351,28689,22652,14528,15447,16395,22967,27088,27026,27213,26327,24328,18928,11378,7210,6796,372435,25277,25846,27690,22467,12479,14735,17068,24688,27694,27937,29497,29203,28634,22801,14939,10230,11250
Thailand,ประเทศไทย,TH,SING BURI,สิงห์บุรี,TH17,2020,155156,7667,7683,8071,7946,7288,8117,7847,8851,10542,12782,13443,14033,12455,9640,7770,5240,5781,73550,3923,3934,4297,4330,3783,4217,4008,4398,5015,5954,6038,6286,5433,4306,3397,2151,2080,81606,3744,3749,3774,3616,3505,3900,3839,4453,5527,6828,7405,7747,7022,5334,4373,3089,3701
Thailand,ประเทศไทย,TH,SONGKHLA,สงขลา,TH90,2020,1574431,101469,100233,96023,108879,132245,115704,104766,114493,113521,112325,107605,98350,85176,62949,47324,32975,40394,766444,52271,51498,49453,54459,66170,59651,52402,55848,55532,53795,50879,46107,38804,28616,21245,13990,15724,807987,49198,48735,46570,54420,66075,56053,52364,58645,57989,58530,56726,52243,46372,34333,26079,18985,24670
Thailand,ประเทศไทย,TH,SUKHOTHAI,สุโขทัย,TH64,2020,596662,32915,33601,35566,30423,22265,24293,27517,37398,45552,52873,55224,54849,46949,34469,26473,18056,18239,285122,17037,17481,18411,16276,11921,12492,13504,18159,21967,24956,25763,25125,21072,15440,11682,7411,6425,311540,15878,16120,17155,14147,10344,11801,14013,19239,23585,27917,29461,29724,25877,19029,14791,10645,11814
Thailand,ประเทศไทย,TH,SUPHAN BURI,สุพรรณบุรี,TH72,2020,748248,39988,40771,42023,40493,38237,40029,39000,45242,54106,61446,62912,62885,55174,43853,34401,22177,25511,357046,20583,21139,21507,21032,20239,20764,19642,22104,26088,28866,28922,28593,24359,19523,14938,9271,9476,391202,19405,19632,20516,19461,17998,19265,19358,23138,28018,32580,33990,34292,30815,24330,19463,12906,16035
Thailand,ประเทศไทย,TH,SURAT THANI,สุราษฎร์ธานี,TH84,2020,1051922,63365,60641,60406,66095,76817,82415,75986,85129,88290,80526,72802,61865,53309,40763,31078,23345,29090,518391,32314,30812,31249,33838,39201,42603,38529,42451,45308,40177,35868,29189,23985,18358,13760,9700,11049,533531,31051,29829,29157,32257,37616,39812,37457,42678,42982,40349,36934,32676,29324,22405,17318,13645,18041
Thailand,ประเทศไทย,TH,SURIN,สุรินทร์,TH32,2020,860410,62693,65789,68779,53872,32578,33781,37512,51478,59094,62770,66616,66514,65440,49508,33979,23979,26028,415134,31662,33670,35192,27465,17289,17342,18258,25046,28883,29881,31898,31042,29760,22209,14852,10406,10279,445276,31031,32119,33587,26407,15289,16439,19254,26432,30211,32889,34718,35472,35680,27299,19127,13573,15749
Thailand,ประเทศไทย,TH,TAK,ตาก,TH63,2020,510728,43113,43593,38087,34801,32840,33110,29635,33327,36139,36203,36167,32905,28469,20389,13188,9400,9362,253707,22360,22159,19548,17697,16519,16420,14764,16497,18127,18042,17867,16096,13658,9610,6156,4352,3835,257021,20753,21434,18539,17104,16321,16690,14871,16830,18012,18161,18300,16809,14811,10779,7032,5048,5527
Thailand,ประเทศไทย,TH,TRANG,ตรัง,TH92,2020,540949,35794,34460,34835,35129,33337,35458,34145,39250,41844,42163,39631,36775,29567,22380,17429,12957,15795,264221,18381,17946,17806,18199,17114,18221,16874,19168,20652,20695,19066,17178,13524,9980,7907,5547,5963,276728,17413,16514,17029,16930,16223,17237,17271,20082,21192,21468,20565,19597,16043,12400,9522,7410,9832
Thailand,ประเทศไทย,TH,TRAT,ตราด,TH23,2020,264085,16703,15309,15280,15798,17963,20410,18444,20360,21127,20021,19780,17318,14799,11493,8097,5183,6000,135144,8913,7929,7879,8168,9449,10924,10056,10903,10992,10195,9813,8416,7089,5578,3957,2397,2486,128941,7790,7380,7401,7630,8514,9486,8388,9457,10135,9826,9967,8902,7710,5915,4140,2786,3514
Thailand,ประเทศไทย,TH,UBON RATCHATHANI,อุบลราชธานี,TH34,2020,1614923,109789,114708,118929,107228,88525,79722,86502,113769,128159,116627,121221,116965,104660,78648,51845,36586,41040,794328,56211,59147,60993,54173,46177,40473,42482,55721,64135,57249,58997,56549,49281,36405,23144,16023,17168,820595,53578,55561,57936,53055,42348,39249,44020,58048,64024,59378,62224,60416,55379,42243,28701,20563,23872
Thailand,ประเทศไทย,TH,UDON THANI,อุดรธานี,TH41,2020,1020066,65696,70627,71582,66515,52597,52622,57264,73261,83021,79523,81200,77509,69778,50842,30396,18956,18677,498428,33513,36110,36568,33922,27611,26485,27826,35776,40950,38860,38827,36936,32682,23318,13633,8177,7234,521638,32183,34517,35014,32593,24986,26137,29438,37485,42071,40663,42373,40573,37096,27524,16763,10779,11443
Thailand,ประเทศไทย,TH,UTHAI THANI,อุทัยธานี,TH61,2020,260998,16399,16749,16514,13629,9995,11118,11697,15640,18924,20739,21818,23016,19869,16553,11831,7673,8834,125716,8294,8674,8559,7170,5277,5661,5648,7615,9209,9833,10255,10633,9371,7524,5366,3358,3269,135282,8105,8075,7955,6459,4718,5457,6049,8025,9715,10906,11563,12383,10498,9029,6465,4315,5565
Thailand,ประเทศไทย,TH,UTTARADIT,อุตรดิตถ์,TH53,2020,371390,18896,20572,21366,19779,16646,14517,15905,22412,26907,31282,34388,35243,29021,22795,16853,12254,12554,179333,9558,10638,10920,10257,8846,7552,7911,10798,13004,14752,16288,16751,13656,10562,7725,5272,4843,192057,9338,9934,10446,9522,7800,6965,7994,11614,13903,16530,18100,18492,15365,12233,9128,6982,7711
Thailand,ประเทศไทย,TH,YALA,ยะลา,TH95,2020,409580,36418,36037,33634,32182,32221,28398,24194,25851,28073,27202,22973,23441,19511,14292,11121,6758,7274,203813,18317,18409,17238,16652,16148,14347,12127,12654,14042,13526,11369,11424,9266,6818,5053,3147,3276,205767,18101,17628,16396,15530,16073,14051,12067,13197,14031,13676,11604,12017,10245,7474,6068,3611,3998
Thailand,ประเทศไทย,TH,YASOTHON,ยโสธร,TH35,2020,385065,23540,25666,27480,22122,14285,15110,17529,26388,31077,29530,32677,31523,30532,23479,14698,9789,9640,189167,12049,13328,14318,11491,8237,7936,8604,12937,15516,14634,15738,15208,14260,10829,6428,4076,3578,195898,11491,12338,13162,10631,6048,7174,8925,13451,15561,14896,16939,16315,16272,12650,8270,5713,6062
,ประเทศไทย,,,#N/A,,,,,,,,,,,,,,,,,,,,,,,,,,,,,,,,,,,,,,,,,,,,,,,,,,,,,,,,
,ประเทศไทย,,,#N/A,,,,,,,,,,,,,,,,,,,,,,,,,,,,,,,,,,,,,,,,,,,,,,,,,,,,,,,,
,ประเทศไทย,,,#N/A,,,,,,,,,,,,,,,,,,,,,,,,,,,,,,,,,,,,,,,,,,,,,,,,,,,,,,,,
,ประเทศไทย,,,#N/A,,,,,,,,,,,,,,,,,,,,,,,,,,,,,,,,,,,,,,,,,,,,,,,,,,,,,,,,
,ประเทศไทย,,,#N/A,,,,,,,,,,,,,,,,,,,,,,,,,,,,,,,,,,,,,,,,,,,,,,,,,,,,,,,,
,ประเทศไทย,,,#N/A,,,,,,,,,,,,,,,,,,,,,,,,,,,,,,,,,,,,,,,,,,,,,,,,,,,,,,,,
,ประเทศไทย,,,#N/A,,,,,,,,,,,,,,,,,,,,,,,,,,,,,,,,,,,,,,,,,,,,,,,,,,,,,,,,
,ประเทศไทย,,,#N/A,,,,,,,,,,,,,,,,,,,,,,,,,,,,,,,,,,,,,,,,,,,,,,,,,,,,,,,,
,ประเทศไทย,,,#N/A,,,,,,,,,,,,,,,,,,,,,,,,,,,,,,,,,,,,,,,,,,,,,,,,,,,,,,,,
,ประเทศไทย,,,#N/A,,,,,,,,,,,,,,,,,,,,,,,,,,,,,,,,,,,,,,,,,,,,,,,,,,,,,,,,
,ประเทศไทย,,,#N/A,,,,,,,,,,,,,,,,,,,,,,,,,,,,,,,,,,,,,,,,,,,,,,,,,,,,,,,,
,ประเทศไทย,,,#N/A,,,,,,,,,,,,,,,,,,,,,,,,,,,,,,,,,,,,,,,,,,,,,,,,,,,,,,,,
,ประเทศไทย,,,#N/A,,,,,,,,,,,,,,,,,,,,,,,,,,,,,,,,,,,,,,,,,,,,,,,,,,,,,,,,
,ประเทศไทย,,,#N/A,,,,,,,,,,,,,,,,,,,,,,,,,,,,,,,,,,,,,,,,,,,,,,,,,,,,,,,,
,ประเทศไทย,,,#N/A,,,,,,,,,,,,,,,,,,,,,,,,,,,,,,,,,,,,,,,,,,,,,,,,,,,,,,,,
,ประเทศไทย,,,#N/A,,,,,,,,,,,,,,,,,,,,,,,,,,,,,,,,,,,,,,,,,,,,,,,,,,,,,,,,
,ประเทศไทย,,,#N/A,,,,,,,,,,,,,,,,,,,,,,,,,,,,,,,,,,,,,,,,,,,,,,,,,,,,,,,,
,ประเทศไทย,,,#N/A,,,,,,,,,,,,,,,,,,,,,,,,,,,,,,,,,,,,,,,,,,,,,,,,,,,,,,,,
,ประเทศไทย,,,#N/A,,,,,,,,,,,,,,,,,,,,,,,,,,,,,,,,,,,,,,,,,,,,,,,,,,,,,,,,
,ประเทศไทย,,,#N/A,,,,,,,,,,,,,,,,,,,,,,,,,,,,,,,,,,,,,,,,,,,,,,,,,,,,,,,,
,ประเทศไทย,,,#N/A,,,,,,,,,,,,,,,,,,,,,,,,,,,,,,,,,,,,,,,,,,,,,,,,,,,,,,,,
,ประเทศไทย,,,#N/A,,,,,,,,,,,,,,,,,,,,,,,,,,,,,,,,,,,,,,,,,,,,,,,,,,,,,,,,
,ประเทศไทย,,,#N/A,,,,,,,,,,,,,,,,,,,,,,,,,,,,,,,,,,,,,,,,,,,,,,,,,,,,,,,,
,ประเทศไทย,,,#N/A,,,,,,,,,,,,,,,,,,,,,,,,,,,,,,,,,,,,,,,,,,,,,,,,,,,,,,,,
,ประเทศไทย,,,#N/A,,,,,,,,,,,,,,,,,,,,,,,,,,,,,,,,,,,,,,,,,,,,,,,,,,,,,,,,
,ประเทศไทย,,,#N/A,,,,,,,,,,,,,,,,,,,,,,,,,,,,,,,,,,,,,,,,,,,,,,,,,,,,,,,,
,ประเทศไทย,,,#N/A,,,,,,,,,,,,,,,,,,,,,,,,,,,,,,,,,,,,,,,,,,,,,,,,,,,,,,,,
,ประเทศไทย,,,#N/A,,,,,,,,,,,,,,,,,,,,,,,,,,,,,,,,,,,,,,,,,,,,,,,,,,,,,,,,
,ประเทศไทย,,,#N/A,,,,,,,,,,,,,,,,,,,,,,,,,,,,,,,,,,,,,,,,,,,,,,,,,,,,,,,,
,ประเทศไทย,,,#N/A,,,,,,,,,,,,,,,,,,,,,,,,,,,,,,,,,,,,,,,,,,,,,,,,,,,,,,,,
,ประเทศไทย,,,#N/A,,,,,,,,,,,,,,,,,,,,,,,,,,,,,,,,,,,,,,,,,,,,,,,,,,,,,,,,
,ประเทศไทย,,,#N/A,,,,,,,,,,,,,,,,,,,,,,,,,,,,,,,,,,,,,,,,,,,,,,,,,,,,,,,,
,ประเทศไทย,,,#N/A,,,,,,,,,,,,,,,,,,,,,,,,,,,,,,,,,,,,,,,,,,,,,,,,,,,,,,,,
,ประเทศไทย,,,#N/A,,,,,,,,,,,,,,,,,,,,,,,,,,,,,,,,,,,,,,,,,,,,,,,,,,,,,,,,
,ประเทศไทย,,,#N/A,,,,,,,,,,,,,,,,,,,,,,,,,,,,,,,,,,,,,,,,,,,,,,,,,,,,,,,,
,ประเทศไทย,,,#N/A,,,,,,,,,,,,,,,,,,,,,,,,,,,,,,,,,,,,,,,,,,,,,,,,,,,,,,,,
,ประเทศไทย,,,#N/A,,,,,,,,,,,,,,,,,,,,,,,,,,,,,,,,,,,,,,,,,,,,,,,,,,,,,,,,
,ประเทศไทย,,,#N/A,,,,,,,,,,,,,,,,,,,,,,,,,,,,,,,,,,,,,,,,,,,,,,,,,,,,,,,,
,ประเทศไทย,,,#N/A,,,,,,,,,,,,,,,,,,,,,,,,,,,,,,,,,,,,,,,,,,,,,,,,,,,,,,,,
,ประเทศไทย,,,#N/A,,,,,,,,,,,,,,,,,,,,,,,,,,,,,,,,,,,,,,,,,,,,,,,,,,,,,,,,
,ประเทศไทย,,,#N/A,,,,,,,,,,,,,,,,,,,,,,,,,,,,,,,,,,,,,,,,,,,,,,,,,,,,,,,,
,ประเทศไทย,,,#N/A,,,,,,,,,,,,,,,,,,,,,,,,,,,,,,,,,,,,,,,,,,,,,,,,,,,,,,,,
,ประเทศไทย,,,#N/A,,,,,,,,,,,,,,,,,,,,,,,,,,,,,,,,,,,,,,,,,,,,,,,,,,,,,,,,
,ประเทศไทย,,,#N/A,,,,,,,,,,,,,,,,,,,,,,,,,,,,,,,,,,,,,,,,,,,,,,,,,,,,,,,,
,ประเทศไทย,,,#N/A,,,,,,,,,,,,,,,,,,,,,,,,,,,,,,,,,,,,,,,,,,,,,,,,,,,,,,,,
,ประเทศไทย,,,#N/A,,,,,,,,,,,,,,,,,,,,,,,,,,,,,,,,,,,,,,,,,,,,,,,,,,,,,,,,
,ประเทศไทย,,,#N/A,,,,,,,,,,,,,,,,,,,,,,,,,,,,,,,,,,,,,,,,,,,,,,,,,,,,,,,,
,ประเทศไทย,,,#N/A,,,,,,,,,,,,,,,,,,,,,,,,,,,,,,,,,,,,,,,,,,,,,,,,,,,,,,,,
,ประเทศไทย,,,#N/A,,,,,,,,,,,,,,,,,,,,,,,,,,,,,,,,,,,,,,,,,,,,,,,,,,,,,,,,
,ประเทศไทย,,,#N/A,,,,,,,,,,,,,,,,,,,,,,,,,,,,,,,,,,,,,,,,,,,,,,,,,,,,,,,,
,ประเทศไทย,,,#N/A,,,,,,,,,,,,,,,,,,,,,,,,,,,,,,,,,,,,,,,,,,,,,,,,,,,,,,,,
,ประเทศไทย,,,#N/A,,,,,,,,,,,,,,,,,,,,,,,,,,,,,,,,,,,,,,,,,,,,,,,,,,,,,,,,
,ประเทศไทย,,,#N/A,,,,,,,,,,,,,,,,,,,,,,,,,,,,,,,,,,,,,,,,,,,,,,,,,,,,,,,,
,ประเทศไทย,,,#N/A,,,,,,,,,,,,,,,,,,,,,,,,,,,,,,,,,,,,,,,,,,,,,,,,,,,,,,,,
,ประเทศไทย,,,#N/A,,,,,,,,,,,,,,,,,,,,,,,,,,,,,,,,,,,,,,,,,,,,,,,,,,,,,,,,
,ประเทศไทย,,,#N/A,,,,,,,,,,,,,,,,,,,,,,,,,,,,,,,,,,,,,,,,,,,,,,,,,,,,,,,,
,ประเทศไทย,,,#N/A,,,,,,,,,,,,,,,,,,,,,,,,,,,,,,,,,,,,,,,,,,,,,,,,,,,,,,,,
,ประเทศไทย,,,#N/A,,,,,,,,,,,,,,,,,,,,,,,,,,,,,,,,,,,,,,,,,,,,,,,,,,,,,,,,
,ประเทศไทย,,,#N/A,,,,,,,,,,,,,,,,,,,,,,,,,,,,,,,,,,,,,,,,,,,,,,,,,,,,,,,,
,ประเทศไทย,,,#N/A,,,,,,,,,,,,,,,,,,,,,,,,,,,,,,,,,,,,,,,,,,,,,,,,,,,,,,,,
,ประเทศไทย,,,#N/A,,,,,,,,,,,,,,,,,,,,,,,,,,,,,,,,,,,,,,,,,,,,,,,,,,,,,,,,
,ประเทศไทย,,,#N/A,,,,,,,,,,,,,,,,,,,,,,,,,,,,,,,,,,,,,,,,,,,,,,,,,,,,,,,,
,ประเทศไทย,,,#N/A,,,,,,,,,,,,,,,,,,,,,,,,,,,,,,,,,,,,,,,,,,,,,,,,,,,,,,,,
,ประเทศไทย,,,#N/A,,,,,,,,,,,,,,,,,,,,,,,,,,,,,,,,,,,,,,,,,,,,,,,,,,,,,,,,
,ประเทศไทย,,,#N/A,,,,,,,,,,,,,,,,,,,,,,,,,,,,,,,,,,,,,,,,,,,,,,,,,,,,,,,,
,ประเทศไทย,,,#N/A,,,,,,,,,,,,,,,,,,,,,,,,,,,,,,,,,,,,,,,,,,,,,,,,,,,,,,,,
,ประเทศไทย,,,#N/A,,,,,,,,,,,,,,,,,,,,,,,,,,,,,,,,,,,,,,,,,,,,,,,,,,,,,,,,
,ประเทศไทย,,,#N/A,,,,,,,,,,,,,,,,,,,,,,,,,,,,,,,,,,,,,,,,,,,,,,,,,,,,,,,,
,ประเทศไทย,,,#N/A,,,,,,,,,,,,,,,,,,,,,,,,,,,,,,,,,,,,,,,,,,,,,,,,,,,,,,,,
,ประเทศไทย,,,#N/A,,,,,,,,,,,,,,,,,,,,,,,,,,,,,,,,,,,,,,,,,,,,,,,,,,,,,,,,
,ประเทศไทย,,,#N/A,,,,,,,,,,,,,,,,,,,,,,,,,,,,,,,,,,,,,,,,,,,,,,,,,,,,,,,,
,ประเทศไทย,,,#N/A,,,,,,,,,,,,,,,,,,,,,,,,,,,,,,,,,,,,,,,,,,,,,,,,,,,,,,,,
,ประเทศไทย,,,#N/A,,,,,,,,,,,,,,,,,,,,,,,,,,,,,,,,,,,,,,,,,,,,,,,,,,,,,,,,
,ประเทศไทย,,,#N/A,,,,,,,,,,,,,,,,,,,,,,,,,,,,,,,,,,,,,,,,,,,,,,,,,,,,,,,,
,ประเทศไทย,,,#N/A,,,,,,,,,,,,,,,,,,,,,,,,,,,,,,,,,,,,,,,,,,,,,,,,,,,,,,,,
,ประเทศไทย,,,#N/A,,,,,,,,,,,,,,,,,,,,,,,,,,,,,,,,,,,,,,,,,,,,,,,,,,,,,,,,
,ประเทศไทย,,,#N/A,,,,,,,,,,,,,,,,,,,,,,,,,,,,,,,,,,,,,,,,,,,,,,,,,,,,,,,,
,ประเทศไทย,,,#N/A,,,,,,,,,,,,,,,,,,,,,,,,,,,,,,,,,,,,,,,,,,,,,,,,,,,,,,,,
,ประเทศไทย,,,#N/A,,,,,,,,,,,,,,,,,,,,,,,,,,,,,,,,,,,,,,,,,,,,,,,,,,,,,,,,
,ประเทศไทย,,,#N/A,,,,,,,,,,,,,,,,,,,,,,,,,,,,,,,,,,,,,,,,,,,,,,,,,,,,,,,,
,ประเทศไทย,,,#N/A,,,,,,,,,,,,,,,,,,,,,,,,,,,,,,,,,,,,,,,,,,,,,,,,,,,,,,,,
,ประเทศไทย,,,#N/A,,,,,,,,,,,,,,,,,,,,,,,,,,,,,,,,,,,,,,,,,,,,,,,,,,,,,,,,
,ประเทศไทย,,,#N/A,,,,,,,,,,,,,,,,,,,,,,,,,,,,,,,,,,,,,,,,,,,,,,,,,,,,,,,,
,ประเทศไทย,,,#N/A,,,,,,,,,,,,,,,,,,,,,,,,,,,,,,,,,,,,,,,,,,,,,,,,,,,,,,,,
,ประเทศไทย,,,#N/A,,,,,,,,,,,,,,,,,,,,,,,,,,,,,,,,,,,,,,,,,,,,,,,,,,,,,,,,
,ประเทศไทย,,,#N/A,,,,,,,,,,,,,,,,,,,,,,,,,,,,,,,,,,,,,,,,,,,,,,,,,,,,,,,,
,ประเทศไทย,,,#N/A,,,,,,,,,,,,,,,,,,,,,,,,,,,,,,,,,,,,,,,,,,,,,,,,,,,,,,,,
,ประเทศไทย,,,#N/A,,,,,,,,,,,,,,,,,,,,,,,,,,,,,,,,,,,,,,,,,,,,,,,,,,,,,,,,
,ประเทศไทย,,,#N/A,,,,,,,,,,,,,,,,,,,,,,,,,,,,,,,,,,,,,,,,,,,,,,,,,,,,,,,,
,ประเทศไทย,,,#N/A,,,,,,,,,,,,,,,,,,,,,,,,,,,,,,,,,,,,,,,,,,,,,,,,,,,,,,,,
,ประเทศไทย,,,#N/A,,,,,,,,,,,,,,,,,,,,,,,,,,,,,,,,,,,,,,,,,,,,,,,,,,,,,,,,
,ประเทศไทย,,,#N/A,,,,,,,,,,,,,,,,,,,,,,,,,,,,,,,,,,,,,,,,,,,,,,,,,,,,,,,,
,ประเทศไทย,,,#N/A,,,,,,,,,,,,,,,,,,,,,,,,,,,,,,,,,,,,,,,,,,,,,,,,,,,,,,,,
,ประเทศไทย,,,#N/A,,,,,,,,,,,,,,,,,,,,,,,,,,,,,,,,,,,,,,,,,,,,,,,,,,,,,,,,
,ประเทศไทย,,,#N/A,,,,,,,,,,,,,,,,,,,,,,,,,,,,,,,,,,,,,,,,,,,,,,,,,,,,,,,,
,ประเทศไทย,,,#N/A,,,,,,,,,,,,,,,,,,,,,,,,,,,,,,,,,,,,,,,,,,,,,,,,,,,,,,,,
,ประเทศไทย,,,#N/A,,,,,,,,,,,,,,,,,,,,,,,,,,,,,,,,,,,,,,,,,,,,,,,,,,,,,,,,
,ประเทศไทย,,,#N/A,,,,,,,,,,,,,,,,,,,,,,,,,,,,,,,,,,,,,,,,,,,,,,,,,,,,,,,,
,ประเทศไทย,,,#N/A,,,,,,,,,,,,,,,,,,,,,,,,,,,,,,,,,,,,,,,,,,,,,,,,,,,,,,,,
,ประเทศไทย,,,#N/A,,,,,,,,,,,,,,,,,,,,,,,,,,,,,,,,,,,,,,,,,,,,,,,,,,,,,,,,
,ประเทศไทย,,,#N/A,,,,,,,,,,,,,,,,,,,,,,,,,,,,,,,,,,,,,,,,,,,,,,,,,,,,,,,,
,ประเทศไทย,,,#N/A,,,,,,,,,,,,,,,,,,,,,,,,,,,,,,,,,,,,,,,,,,,,,,,,,,,,,,,,
,ประเทศไทย,,,#N/A,,,,,,,,,,,,,,,,,,,,,,,,,,,,,,,,,,,,,,,,,,,,,,,,,,,,,,,,
,ประเทศไทย,,,#N/A,,,,,,,,,,,,,,,,,,,,,,,,,,,,,,,,,,,,,,,,,,,,,,,,,,,,,,,,
,ประเทศไทย,,,#N/A,,,,,,,,,,,,,,,,,,,,,,,,,,,,,,,,,,,,,,,,,,,,,,,,,,,,,,,,
,ประเทศไทย,,,#N/A,,,,,,,,,,,,,,,,,,,,,,,,,,,,,,,,,,,,,,,,,,,,,,,,,,,,,,,,
,ประเทศไทย,,,#N/A,,,,,,,,,,,,,,,,,,,,,,,,,,,,,,,,,,,,,,,,,,,,,,,,,,,,,,,,
,ประเทศไทย,,,#N/A,,,,,,,,,,,,,,,,,,,,,,,,,,,,,,,,,,,,,,,,,,,,,,,,,,,,,,,,
,ประเทศไทย,,,#N/A,,,,,,,,,,,,,,,,,,,,,,,,,,,,,,,,,,,,,,,,,,,,,,,,,,,,,,,,
,ประเทศไทย,,,#N/A,,,,,,,,,,,,,,,,,,,,,,,,,,,,,,,,,,,,,,,,,,,,,,,,,,,,,,,,
,ประเทศไทย,,,#N/A,,,,,,,,,,,,,,,,,,,,,,,,,,,,,,,,,,,,,,,,,,,,,,,,,,,,,,,,
,ประเทศไทย,,,#N/A,,,,,,,,,,,,,,,,,,,,,,,,,,,,,,,,,,,,,,,,,,,,,,,,,,,,,,,,
,ประเทศไทย,,,#N/A,,,,,,,,,,,,,,,,,,,,,,,,,,,,,,,,,,,,,,,,,,,,,,,,,,,,,,,,
,ประเทศไทย,,,#N/A,,,,,,,,,,,,,,,,,,,,,,,,,,,,,,,,,,,,,,,,,,,,,,,,,,,,,,,,
,ประเทศไทย,,,#N/A,,,,,,,,,,,,,,,,,,,,,,,,,,,,,,,,,,,,,,,,,,,,,,,,,,,,,,,,
,ประเทศไทย,,,#N/A,,,,,,,,,,,,,,,,,,,,,,,,,,,,,,,,,,,,,,,,,,,,,,,,,,,,,,,,
,ประเทศไทย,,,#N/A,,,,,,,,,,,,,,,,,,,,,,,,,,,,,,,,,,,,,,,,,,,,,,,,,,,,,,,,
,ประเทศไทย,,,#N/A,,,,,,,,,,,,,,,,,,,,,,,,,,,,,,,,,,,,,,,,,,,,,,,,,,,,,,,,
,ประเทศไทย,,,#N/A,,,,,,,,,,,,,,,,,,,,,,,,,,,,,,,,,,,,,,,,,,,,,,,,,,,,,,,,
,ประเทศไทย,,,#N/A,,,,,,,,,,,,,,,,,,,,,,,,,,,,,,,,,,,,,,,,,,,,,,,,,,,,,,,,
,ประเทศไทย,,,#N/A,,,,,,,,,,,,,,,,,,,,,,,,,,,,,,,,,,,,,,,,,,,,,,,,,,,,,,,,
,ประเทศไทย,,,#N/A,,,,,,,,,,,,,,,,,,,,,,,,,,,,,,,,,,,,,,,,,,,,,,,,,,,,,,,,
,ประเทศไทย,,,#N/A,,,,,,,,,,,,,,,,,,,,,,,,,,,,,,,,,,,,,,,,,,,,,,,,,,,,,,,,
,ประเทศไทย,,,#N/A,,,,,,,,,,,,,,,,,,,,,,,,,,,,,,,,,,,,,,,,,,,,,,,,,,,,,,,,
,ประเทศไทย,,,#N/A,,,,,,,,,,,,,,,,,,,,,,,,,,,,,,,,,,,,,,,,,,,,,,,,,,,,,,,,
,ประเทศไทย,,,#N/A,,,,,,,,,,,,,,,,,,,,,,,,,,,,,,,,,,,,,,,,,,,,,,,,,,,,,,,,
,ประเทศไทย,,,#N/A,,,,,,,,,,,,,,,,,,,,,,,,,,,,,,,,,,,,,,,,,,,,,,,,,,,,,,,,
,ประเทศไทย,,,#N/A,,,,,,,,,,,,,,,,,,,,,,,,,,,,,,,,,,,,,,,,,,,,,,,,,,,,,,,,
,ประเทศไทย,,,#N/A,,,,,,,,,,,,,,,,,,,,,,,,,,,,,,,,,,,,,,,,,,,,,,,,,,,,,,,,
,ประเทศไทย,,,#N/A,,,,,,,,,,,,,,,,,,,,,,,,,,,,,,,,,,,,,,,,,,,,,,,,,,,,,,,,
,ประเทศไทย,,,#N/A,,,,,,,,,,,,,,,,,,,,,,,,,,,,,,,,,,,,,,,,,,,,,,,,,,,,,,,,
,ประเทศไทย,,,#N/A,,,,,,,,,,,,,,,,,,,,,,,,,,,,,,,,,,,,,,,,,,,,,,,,,,,,,,,,
,ประเทศไทย,,,#N/A,,,,,,,,,,,,,,,,,,,,,,,,,,,,,,,,,,,,,,,,,,,,,,,,,,,,,,,,
,ประเทศไทย,,,#N/A,,,,,,,,,,,,,,,,,,,,,,,,,,,,,,,,,,,,,,,,,,,,,,,,,,,,,,,,
,ประเทศไทย,,,#N/A,,,,,,,,,,,,,,,,,,,,,,,,,,,,,,,,,,,,,,,,,,,,,,,,,,,,,,,,
,ประเทศไทย,,,#N/A,,,,,,,,,,,,,,,,,,,,,,,,,,,,,,,,,,,,,,,,,,,,,,,,,,,,,,,,
,ประเทศไทย,,,#N/A,,,,,,,,,,,,,,,,,,,,,,,,,,,,,,,,,,,,,,,,,,,,,,,,,,,,,,,,
,ประเทศไทย,,,#N/A,,,,,,,,,,,,,,,,,,,,,,,,,,,,,,,,,,,,,,,,,,,,,,,,,,,,,,,,
,ประเทศไทย,,,#N/A,,,,,,,,,,,,,,,,,,,,,,,,,,,,,,,,,,,,,,,,,,,,,,,,,,,,,,,,
,ประเทศไทย,,,#N/A,,,,,,,,,,,,,,,,,,,,,,,,,,,,,,,,,,,,,,,,,,,,,,,,,,,,,,,,
,ประเทศไทย,,,#N/A,,,,,,,,,,,,,,,,,,,,,,,,,,,,,,,,,,,,,,,,,,,,,,,,,,,,,,,,
,ประเทศไทย,,,#N/A,,,,,,,,,,,,,,,,,,,,,,,,,,,,,,,,,,,,,,,,,,,,,,,,,,,,,,,,
,ประเทศไทย,,,#N/A,,,,,,,,,,,,,,,,,,,,,,,,,,,,,,,,,,,,,,,,,,,,,,,,,,,,,,,,
,ประเทศไทย,,,#N/A,,,,,,,,,,,,,,,,,,,,,,,,,,,,,,,,,,,,,,,,,,,,,,,,,,,,,,,,
,ประเทศไทย,,,#N/A,,,,,,,,,,,,,,,,,,,,,,,,,,,,,,,,,,,,,,,,,,,,,,,,,,,,,,,,
,ประเทศไทย,,,#N/A,,,,,,,,,,,,,,,,,,,,,,,,,,,,,,,,,,,,,,,,,,,,,,,,,,,,,,,,
,ประเทศไทย,,,#N/A,,,,,,,,,,,,,,,,,,,,,,,,,,,,,,,,,,,,,,,,,,,,,,,,,,,,,,,,
,ประเทศไทย,,,#N/A,,,,,,,,,,,,,,,,,,,,,,,,,,,,,,,,,,,,,,,,,,,,,,,,,,,,,,,,
,ประเทศไทย,,,#N/A,,,,,,,,,,,,,,,,,,,,,,,,,,,,,,,,,,,,,,,,,,,,,,,,,,,,,,,,
,ประเทศไทย,,,#N/A,,,,,,,,,,,,,,,,,,,,,,,,,,,,,,,,,,,,,,,,,,,,,,,,,,,,,,,,
,ประเทศไทย,,,#N/A,,,,,,,,,,,,,,,,,,,,,,,,,,,,,,,,,,,,,,,,,,,,,,,,,,,,,,,,
,ประเทศไทย,,,#N/A,,,,,,,,,,,,,,,,,,,,,,,,,,,,,,,,,,,,,,,,,,,,,,,,,,,,,,,,
,ประเทศไทย,,,#N/A,,,,,,,,,,,,,,,,,,,,,,,,,,,,,,,,,,,,,,,,,,,,,,,,,,,,,,,,
,ประเทศไทย,,,#N/A,,,,,,,,,,,,,,,,,,,,,,,,,,,,,,,,,,,,,,,,,,,,,,,,,,,,,,,,
,ประเทศไทย,,,#N/A,,,,,,,,,,,,,,,,,,,,,,,,,,,,,,,,,,,,,,,,,,,,,,,,,,,,,,,,
,ประเทศไทย,,,#N/A,,,,,,,,,,,,,,,,,,,,,,,,,,,,,,,,,,,,,,,,,,,,,,,,,,,,,,,,
,ประเทศไทย,,,#N/A,,,,,,,,,,,,,,,,,,,,,,,,,,,,,,,,,,,,,,,,,,,,,,,,,,,,,,,,
,ประเทศไทย,,,#N/A,,,,,,,,,,,,,,,,,,,,,,,,,,,,,,,,,,,,,,,,,,,,,,,,,,,,,,,,
,ประเทศไทย,,,#N/A,,,,,,,,,,,,,,,,,,,,,,,,,,,,,,,,,,,,,,,,,,,,,,,,,,,,,,,,
,ประเทศไทย,,,#N/A,,,,,,,,,,,,,,,,,,,,,,,,,,,,,,,,,,,,,,,,,,,,,,,,,,,,,,,,
,ประเทศไทย,,,#N/A,,,,,,,,,,,,,,,,,,,,,,,,,,,,,,,,,,,,,,,,,,,,,,,,,,,,,,,,
,ประเทศไทย,,,#N/A,,,,,,,,,,,,,,,,,,,,,,,,,,,,,,,,,,,,,,,,,,,,,,,,,,,,,,,,
,ประเทศไทย,,,#N/A,,,,,,,,,,,,,,,,,,,,,,,,,,,,,,,,,,,,,,,,,,,,,,,,,,,,,,,,
,ประเทศไทย,,,#N/A,,,,,,,,,,,,,,,,,,,,,,,,,,,,,,,,,,,,,,,,,,,,,,,,,,,,,,,,
,ประเทศไทย,,,#N/A,,,,,,,,,,,,,,,,,,,,,,,,,,,,,,,,,,,,,,,,,,,,,,,,,,,,,,,,
,ประเทศไทย,,,#N/A,,,,,,,,,,,,,,,,,,,,,,,,,,,,,,,,,,,,,,,,,,,,,,,,,,,,,,,,
,ประเทศไทย,,,#N/A,,,,,,,,,,,,,,,,,,,,,,,,,,,,,,,,,,,,,,,,,,,,,,,,,,,,,,,,
,ประเทศไทย,,,#N/A,,,,,,,,,,,,,,,,,,,,,,,,,,,,,,,,,,,,,,,,,,,,,,,,,,,,,,,,
,ประเทศไทย,,,#N/A,,,,,,,,,,,,,,,,,,,,,,,,,,,,,,,,,,,,,,,,,,,,,,,,,,,,,,,,
,ประเทศไทย,,,#N/A,,,,,,,,,,,,,,,,,,,,,,,,,,,,,,,,,,,,,,,,,,,,,,,,,,,,,,,,
,ประเทศไทย,,,#N/A,,,,,,,,,,,,,,,,,,,,,,,,,,,,,,,,,,,,,,,,,,,,,,,,,,,,,,,,
,ประเทศไทย,,,#N/A,,,,,,,,,,,,,,,,,,,,,,,,,,,,,,,,,,,,,,,,,,,,,,,,,,,,,,,,
,ประเทศไทย,,,#N/A,,,,,,,,,,,,,,,,,,,,,,,,,,,,,,,,,,,,,,,,,,,,,,,,,,,,,,,,
,ประเทศไทย,,,#N/A,,,,,,,,,,,,,,,,,,,,,,,,,,,,,,,,,,,,,,,,,,,,,,,,,,,,,,,,
,ประเทศไทย,,,#N/A,,,,,,,,,,,,,,,,,,,,,,,,,,,,,,,,,,,,,,,,,,,,,,,,,,,,,,,,
,ประเทศไทย,,,#N/A,,,,,,,,,,,,,,,,,,,,,,,,,,,,,,,,,,,,,,,,,,,,,,,,,,,,,,,,
,ประเทศไทย,,,#N/A,,,,,,,,,,,,,,,,,,,,,,,,,,,,,,,,,,,,,,,,,,,,,,,,,,,,,,,,
,ประเทศไทย,,,#N/A,,,,,,,,,,,,,,,,,,,,,,,,,,,,,,,,,,,,,,,,,,,,,,,,,,,,,,,,
,ประเทศไทย,,,#N/A,,,,,,,,,,,,,,,,,,,,,,,,,,,,,,,,,,,,,,,,,,,,,,,,,,,,,,,,
,ประเทศไทย,,,#N/A,,,,,,,,,,,,,,,,,,,,,,,,,,,,,,,,,,,,,,,,,,,,,,,,,,,,,,,,
,ประเทศไทย,,,#N/A,,,,,,,,,,,,,,,,,,,,,,,,,,,,,,,,,,,,,,,,,,,,,,,,,,,,,,,,
,ประเทศไทย,,,#N/A,,,,,,,,,,,,,,,,,,,,,,,,,,,,,,,,,,,,,,,,,,,,,,,,,,,,,,,,
,ประเทศไทย,,,#N/A,,,,,,,,,,,,,,,,,,,,,,,,,,,,,,,,,,,,,,,,,,,,,,,,,,,,,,,,
,ประเทศไทย,,,#N/A,,,,,,,,,,,,,,,,,,,,,,,,,,,,,,,,,,,,,,,,,,,,,,,,,,,,,,,,
,ประเทศไทย,,,#N/A,,,,,,,,,,,,,,,,,,,,,,,,,,,,,,,,,,,,,,,,,,,,,,,,,,,,,,,,
,ประเทศไทย,,,#N/A,,,,,,,,,,,,,,,,,,,,,,,,,,,,,,,,,,,,,,,,,,,,,,,,,,,,,,,,
,ประเทศไทย,,,#N/A,,,,,,,,,,,,,,,,,,,,,,,,,,,,,,,,,,,,,,,,,,,,,,,,,,,,,,,,
,ประเทศไทย,,,#N/A,,,,,,,,,,,,,,,,,,,,,,,,,,,,,,,,,,,,,,,,,,,,,,,,,,,,,,,,
,ประเทศไทย,,,#N/A,,,,,,,,,,,,,,,,,,,,,,,,,,,,,,,,,,,,,,,,,,,,,,,,,,,,,,,,
,ประเทศไทย,,,#N/A,,,,,,,,,,,,,,,,,,,,,,,,,,,,,,,,,,,,,,,,,,,,,,,,,,,,,,,,
,ประเทศไทย,,,#N/A,,,,,,,,,,,,,,,,,,,,,,,,,,,,,,,,,,,,,,,,,,,,,,,,,,,,,,,,
,ประเทศไทย,,,#N/A,,,,,,,,,,,,,,,,,,,,,,,,,,,,,,,,,,,,,,,,,,,,,,,,,,,,,,,,
,ประเทศไทย,,,#N/A,,,,,,,,,,,,,,,,,,,,,,,,,,,,,,,,,,,,,,,,,,,,,,,,,,,,,,,,
,ประเทศไทย,,,#N/A,,,,,,,,,,,,,,,,,,,,,,,,,,,,,,,,,,,,,,,,,,,,,,,,,,,,,,,,
,ประเทศไทย,,,#N/A,,,,,,,,,,,,,,,,,,,,,,,,,,,,,,,,,,,,,,,,,,,,,,,,,,,,,,,,
,ประเทศไทย,,,#N/A,,,,,,,,,,,,,,,,,,,,,,,,,,,,,,,,,,,,,,,,,,,,,,,,,,,,,,,,
,ประเทศไทย,,,#N/A,,,,,,,,,,,,,,,,,,,,,,,,,,,,,,,,,,,,,,,,,,,,,,,,,,,,,,,,
,ประเทศไทย,,,#N/A,,,,,,,,,,,,,,,,,,,,,,,,,,,,,,,,,,,,,,,,,,,,,,,,,,,,,,,,
,ประเทศไทย,,,#N/A,,,,,,,,,,,,,,,,,,,,,,,,,,,,,,,,,,,,,,,,,,,,,,,,,,,,,,,,
,ประเทศไทย,,,#N/A,,,,,,,,,,,,,,,,,,,,,,,,,,,,,,,,,,,,,,,,,,,,,,,,,,,,,,,,
,ประเทศไทย,,,#N/A,,,,,,,,,,,,,,,,,,,,,,,,,,,,,,,,,,,,,,,,,,,,,,,,,,,,,,,,
,ประเทศไทย,,,#N/A,,,,,,,,,,,,,,,,,,,,,,,,,,,,,,,,,,,,,,,,,,,,,,,,,,,,,,,,
,ประเทศไทย,,,#N/A,,,,,,,,,,,,,,,,,,,,,,,,,,,,,,,,,,,,,,,,,,,,,,,,,,,,,,,,
,ประเทศไทย,,,#N/A,,,,,,,,,,,,,,,,,,,,,,,,,,,,,,,,,,,,,,,,,,,,,,,,,,,,,,,,
,ประเทศไทย,,,#N/A,,,,,,,,,,,,,,,,,,,,,,,,,,,,,,,,,,,,,,,,,,,,,,,,,,,,,,,,
,ประเทศไทย,,,#N/A,,,,,,,,,,,,,,,,,,,,,,,,,,,,,,,,,,,,,,,,,,,,,,,,,,,,,,,,
,ประเทศไทย,,,#N/A,,,,,,,,,,,,,,,,,,,,,,,,,,,,,,,,,,,,,,,,,,,,,,,,,,,,,,,,
,ประเทศไทย,,,#N/A,,,,,,,,,,,,,,,,,,,,,,,,,,,,,,,,,,,,,,,,,,,,,,,,,,,,,,,,
,ประเทศไทย,,,#N/A,,,,,,,,,,,,,,,,,,,,,,,,,,,,,,,,,,,,,,,,,,,,,,,,,,,,,,,,
,ประเทศไทย,,,#N/A,,,,,,,,,,,,,,,,,,,,,,,,,,,,,,,,,,,,,,,,,,,,,,,,,,,,,,,,
,ประเทศไทย,,,#N/A,,,,,,,,,,,,,,,,,,,,,,,,,,,,,,,,,,,,,,,,,,,,,,,,,,,,,,,,
,ประเทศไทย,,,#N/A,,,,,,,,,,,,,,,,,,,,,,,,,,,,,,,,,,,,,,,,,,,,,,,,,,,,,,,,
,ประเทศไทย,,,#N/A,,,,,,,,,,,,,,,,,,,,,,,,,,,,,,,,,,,,,,,,,,,,,,,,,,,,,,,,
,ประเทศไทย,,,#N/A,,,,,,,,,,,,,,,,,,,,,,,,,,,,,,,,,,,,,,,,,,,,,,,,,,,,,,,,
,ประเทศไทย,,,#N/A,,,,,,,,,,,,,,,,,,,,,,,,,,,,,,,,,,,,,,,,,,,,,,,,,,,,,,,,
,ประเทศไทย,,,#N/A,,,,,,,,,,,,,,,,,,,,,,,,,,,,,,,,,,,,,,,,,,,,,,,,,,,,,,,,
,ประเทศไทย,,,#N/A,,,,,,,,,,,,,,,,,,,,,,,,,,,,,,,,,,,,,,,,,,,,,,,,,,,,,,,,
,ประเทศไทย,,,#N/A,,,,,,,,,,,,,,,,,,,,,,,,,,,,,,,,,,,,,,,,,,,,,,,,,,,,,,,,
,ประเทศไทย,,,#N/A,,,,,,,,,,,,,,,,,,,,,,,,,,,,,,,,,,,,,,,,,,,,,,,,,,,,,,,,
,ประเทศไทย,,,#N/A,,,,,,,,,,,,,,,,,,,,,,,,,,,,,,,,,,,,,,,,,,,,,,,,,,,,,,,,
,ประเทศไทย,,,#N/A,,,,,,,,,,,,,,,,,,,,,,,,,,,,,,,,,,,,,,,,,,,,,,,,,,,,,,,,
,ประเทศไทย,,,#N/A,,,,,,,,,,,,,,,,,,,,,,,,,,,,,,,,,,,,,,,,,,,,,,,,,,,,,,,,
,ประเทศไทย,,,#N/A,,,,,,,,,,,,,,,,,,,,,,,,,,,,,,,,,,,,,,,,,,,,,,,,,,,,,,,,
,ประเทศไทย,,,#N/A,,,,,,,,,,,,,,,,,,,,,,,,,,,,,,,,,,,,,,,,,,,,,,,,,,,,,,,,
,ประเทศไทย,,,#N/A,,,,,,,,,,,,,,,,,,,,,,,,,,,,,,,,,,,,,,,,,,,,,,,,,,,,,,,,
,ประเทศไทย,,,#N/A,,,,,,,,,,,,,,,,,,,,,,,,,,,,,,,,,,,,,,,,,,,,,,,,,,,,,,,,
,ประเทศไทย,,,#N/A,,,,,,,,,,,,,,,,,,,,,,,,,,,,,,,,,,,,,,,,,,,,,,,,,,,,,,,,
,ประเทศไทย,,,#N/A,,,,,,,,,,,,,,,,,,,,,,,,,,,,,,,,,,,,,,,,,,,,,,,,,,,,,,,,
,ประเทศไทย,,,#N/A,,,,,,,,,,,,,,,,,,,,,,,,,,,,,,,,,,,,,,,,,,,,,,,,,,,,,,,,
,ประเทศไทย,,,#N/A,,,,,,,,,,,,,,,,,,,,,,,,,,,,,,,,,,,,,,,,,,,,,,,,,,,,,,,,
,ประเทศไทย,,,#N/A,,,,,,,,,,,,,,,,,,,,,,,,,,,,,,,,,,,,,,,,,,,,,,,,,,,,,,,,
,ประเทศไทย,,,#N/A,,,,,,,,,,,,,,,,,,,,,,,,,,,,,,,,,,,,,,,,,,,,,,,,,,,,,,,,
,ประเทศไทย,,,#N/A,,,,,,,,,,,,,,,,,,,,,,,,,,,,,,,,,,,,,,,,,,,,,,,,,,,,,,,,
,ประเทศไทย,,,#N/A,,,,,,,,,,,,,,,,,,,,,,,,,,,,,,,,,,,,,,,,,,,,,,,,,,,,,,,,
,ประเทศไทย,,,#N/A,,,,,,,,,,,,,,,,,,,,,,,,,,,,,,,,,,,,,,,,,,,,,,,,,,,,,,,,
,ประเทศไทย,,,#N/A,,,,,,,,,,,,,,,,,,,,,,,,,,,,,,,,,,,,,,,,,,,,,,,,,,,,,,,,
,ประเทศไทย,,,#N/A,,,,,,,,,,,,,,,,,,,,,,,,,,,,,,,,,,,,,,,,,,,,,,,,,,,,,,,,
,ประเทศไทย,,,#N/A,,,,,,,,,,,,,,,,,,,,,,,,,,,,,,,,,,,,,,,,,,,,,,,,,,,,,,,,
,ประเทศไทย,,,#N/A,,,,,,,,,,,,,,,,,,,,,,,,,,,,,,,,,,,,,,,,,,,,,,,,,,,,,,,,
,ประเทศไทย,,,#N/A,,,,,,,,,,,,,,,,,,,,,,,,,,,,,,,,,,,,,,,,,,,,,,,,,,,,,,,,
,ประเทศไทย,,,#N/A,,,,,,,,,,,,,,,,,,,,,,,,,,,,,,,,,,,,,,,,,,,,,,,,,,,,,,,,
,ประเทศไทย,,,#N/A,,,,,,,,,,,,,,,,,,,,,,,,,,,,,,,,,,,,,,,,,,,,,,,,,,,,,,,,
,ประเทศไทย,,,#N/A,,,,,,,,,,,,,,,,,,,,,,,,,,,,,,,,,,,,,,,,,,,,,,,,,,,,,,,,
,ประเทศไทย,,,#N/A,,,,,,,,,,,,,,,,,,,,,,,,,,,,,,,,,,,,,,,,,,,,,,,,,,,,,,,,
,ประเทศไทย,,,#N/A,,,,,,,,,,,,,,,,,,,,,,,,,,,,,,,,,,,,,,,,,,,,,,,,,,,,,,,,
,ประเทศไทย,,,#N/A,,,,,,,,,,,,,,,,,,,,,,,,,,,,,,,,,,,,,,,,,,,,,,,,,,,,,,,,
,ประเทศไทย,,,#N/A,,,,,,,,,,,,,,,,,,,,,,,,,,,,,,,,,,,,,,,,,,,,,,,,,,,,,,,,
,ประเทศไทย,,,#N/A,,,,,,,,,,,,,,,,,,,,,,,,,,,,,,,,,,,,,,,,,,,,,,,,,,,,,,,,
,ประเทศไทย,,,#N/A,,,,,,,,,,,,,,,,,,,,,,,,,,,,,,,,,,,,,,,,,,,,,,,,,,,,,,,,
,ประเทศไทย,,,#N/A,,,,,,,,,,,,,,,,,,,,,,,,,,,,,,,,,,,,,,,,,,,,,,,,,,,,,,,,
,ประเทศไทย,,,#N/A,,,,,,,,,,,,,,,,,,,,,,,,,,,,,,,,,,,,,,,,,,,,,,,,,,,,,,,,
,ประเทศไทย,,,#N/A,,,,,,,,,,,,,,,,,,,,,,,,,,,,,,,,,,,,,,,,,,,,,,,,,,,,,,,,
,ประเทศไทย,,,#N/A,,,,,,,,,,,,,,,,,,,,,,,,,,,,,,,,,,,,,,,,,,,,,,,,,,,,,,,,
,ประเทศไทย,,,#N/A,,,,,,,,,,,,,,,,,,,,,,,,,,,,,,,,,,,,,,,,,,,,,,,,,,,,,,,,
,ประเทศไทย,,,#N/A,,,,,,,,,,,,,,,,,,,,,,,,,,,,,,,,,,,,,,,,,,,,,,,,,,,,,,,,
,ประเทศไทย,,,#N/A,,,,,,,,,,,,,,,,,,,,,,,,,,,,,,,,,,,,,,,,,,,,,,,,,,,,,,,,
,ประเทศไทย,,,#N/A,,,,,,,,,,,,,,,,,,,,,,,,,,,,,,,,,,,,,,,,,,,,,,,,,,,,,,,,
,ประเทศไทย,,,#N/A,,,,,,,,,,,,,,,,,,,,,,,,,,,,,,,,,,,,,,,,,,,,,,,,,,,,,,,,
,ประเทศไทย,,,#N/A,,,,,,,,,,,,,,,,,,,,,,,,,,,,,,,,,,,,,,,,,,,,,,,,,,,,,,,,
,ประเทศไทย,,,#N/A,,,,,,,,,,,,,,,,,,,,,,,,,,,,,,,,,,,,,,,,,,,,,,,,,,,,,,,,
,ประเทศไทย,,,#N/A,,,,,,,,,,,,,,,,,,,,,,,,,,,,,,,,,,,,,,,,,,,,,,,,,,,,,,,,
,ประเทศไทย,,,#N/A,,,,,,,,,,,,,,,,,,,,,,,,,,,,,,,,,,,,,,,,,,,,,,,,,,,,,,,,
,ประเทศไทย,,,#N/A,,,,,,,,,,,,,,,,,,,,,,,,,,,,,,,,,,,,,,,,,,,,,,,,,,,,,,,,
,ประเทศไทย,,,#N/A,,,,,,,,,,,,,,,,,,,,,,,,,,,,,,,,,,,,,,,,,,,,,,,,,,,,,,,,
,ประเทศไทย,,,#N/A,,,,,,,,,,,,,,,,,,,,,,,,,,,,,,,,,,,,,,,,,,,,,,,,,,,,,,,,
,ประเทศไทย,,,#N/A,,,,,,,,,,,,,,,,,,,,,,,,,,,,,,,,,,,,,,,,,,,,,,,,,,,,,,,,
,ประเทศไทย,,,#N/A,,,,,,,,,,,,,,,,,,,,,,,,,,,,,,,,,,,,,,,,,,,,,,,,,,,,,,,,
,ประเทศไทย,,,#N/A,,,,,,,,,,,,,,,,,,,,,,,,,,,,,,,,,,,,,,,,,,,,,,,,,,,,,,,,
,ประเทศไทย,,,#N/A,,,,,,,,,,,,,,,,,,,,,,,,,,,,,,,,,,,,,,,,,,,,,,,,,,,,,,,,
,ประเทศไทย,,,#N/A,,,,,,,,,,,,,,,,,,,,,,,,,,,,,,,,,,,,,,,,,,,,,,,,,,,,,,,,
,ประเทศไทย,,,#N/A,,,,,,,,,,,,,,,,,,,,,,,,,,,,,,,,,,,,,,,,,,,,,,,,,,,,,,,,
,ประเทศไทย,,,#N/A,,,,,,,,,,,,,,,,,,,,,,,,,,,,,,,,,,,,,,,,,,,,,,,,,,,,,,,,
,ประเทศไทย,,,#N/A,,,,,,,,,,,,,,,,,,,,,,,,,,,,,,,,,,,,,,,,,,,,,,,,,,,,,,,,
,ประเทศไทย,,,#N/A,,,,,,,,,,,,,,,,,,,,,,,,,,,,,,,,,,,,,,,,,,,,,,,,,,,,,,,,
,ประเทศไทย,,,#N/A,,,,,,,,,,,,,,,,,,,,,,,,,,,,,,,,,,,,,,,,,,,,,,,,,,,,,,,,
,ประเทศไทย,,,#N/A,,,,,,,,,,,,,,,,,,,,,,,,,,,,,,,,,,,,,,,,,,,,,,,,,,,,,,,,
,ประเทศไทย,,,#N/A,,,,,,,,,,,,,,,,,,,,,,,,,,,,,,,,,,,,,,,,,,,,,,,,,,,,,,,,
,ประเทศไทย,,,#N/A,,,,,,,,,,,,,,,,,,,,,,,,,,,,,,,,,,,,,,,,,,,,,,,,,,,,,,,,
,ประเทศไทย,,,#N/A,,,,,,,,,,,,,,,,,,,,,,,,,,,,,,,,,,,,,,,,,,,,,,,,,,,,,,,,
,ประเทศไทย,,,#N/A,,,,,,,,,,,,,,,,,,,,,,,,,,,,,,,,,,,,,,,,,,,,,,,,,,,,,,,,
,ประเทศไทย,,,#N/A,,,,,,,,,,,,,,,,,,,,,,,,,,,,,,,,,,,,,,,,,,,,,,,,,,,,,,,,
,ประเทศไทย,,,#N/A,,,,,,,,,,,,,,,,,,,,,,,,,,,,,,,,,,,,,,,,,,,,,,,,,,,,,,,,
,ประเทศไทย,,,#N/A,,,,,,,,,,,,,,,,,,,,,,,,,,,,,,,,,,,,,,,,,,,,,,,,,,,,,,,,
,ประเทศไทย,,,#N/A,,,,,,,,,,,,,,,,,,,,,,,,,,,,,,,,,,,,,,,,,,,,,,,,,,,,,,,,
,ประเทศไทย,,,#N/A,,,,,,,,,,,,,,,,,,,,,,,,,,,,,,,,,,,,,,,,,,,,,,,,,,,,,,,,
,ประเทศไทย,,,#N/A,,,,,,,,,,,,,,,,,,,,,,,,,,,,,,,,,,,,,,,,,,,,,,,,,,,,,,,,
,ประเทศไทย,,,#N/A,,,,,,,,,,,,,,,,,,,,,,,,,,,,,,,,,,,,,,,,,,,,,,,,,,,,,,,,
,ประเทศไทย,,,#N/A,,,,,,,,,,,,,,,,,,,,,,,,,,,,,,,,,,,,,,,,,,,,,,,,,,,,,,,,
,ประเทศไทย,,,#N/A,,,,,,,,,,,,,,,,,,,,,,,,,,,,,,,,,,,,,,,,,,,,,,,,,,,,,,,,
,ประเทศไทย,,,#N/A,,,,,,,,,,,,,,,,,,,,,,,,,,,,,,,,,,,,,,,,,,,,,,,,,,,,,,,,
,ประเทศไทย,,,#N/A,,,,,,,,,,,,,,,,,,,,,,,,,,,,,,,,,,,,,,,,,,,,,,,,,,,,,,,,
,ประเทศไทย,,,#N/A,,,,,,,,,,,,,,,,,,,,,,,,,,,,,,,,,,,,,,,,,,,,,,,,,,,,,,,,
,ประเทศไทย,,,#N/A,,,,,,,,,,,,,,,,,,,,,,,,,,,,,,,,,,,,,,,,,,,,,,,,,,,,,,,,
,ประเทศไทย,,,#N/A,,,,,,,,,,,,,,,,,,,,,,,,,,,,,,,,,,,,,,,,,,,,,,,,,,,,,,,,
,ประเทศไทย,,,#N/A,,,,,,,,,,,,,,,,,,,,,,,,,,,,,,,,,,,,,,,,,,,,,,,,,,,,,,,,
,ประเทศไทย,,,#N/A,,,,,,,,,,,,,,,,,,,,,,,,,,,,,,,,,,,,,,,,,,,,,,,,,,,,,,,,
,ประเทศไทย,,,#N/A,,,,,,,,,,,,,,,,,,,,,,,,,,,,,,,,,,,,,,,,,,,,,,,,,,,,,,,,
,ประเทศไทย,,,#N/A,,,,,,,,,,,,,,,,,,,,,,,,,,,,,,,,,,,,,,,,,,,,,,,,,,,,,,,,
,ประเทศไทย,,,#N/A,,,,,,,,,,,,,,,,,,,,,,,,,,,,,,,,,,,,,,,,,,,,,,,,,,,,,,,,
,ประเทศไทย,,,#N/A,,,,,,,,,,,,,,,,,,,,,,,,,,,,,,,,,,,,,,,,,,,,,,,,,,,,,,,,
,ประเทศไทย,,,#N/A,,,,,,,,,,,,,,,,,,,,,,,,,,,,,,,,,,,,,,,,,,,,,,,,,,,,,,,,
,ประเทศไทย,,,#N/A,,,,,,,,,,,,,,,,,,,,,,,,,,,,,,,,,,,,,,,,,,,,,,,,,,,,,,,,
,ประเทศไทย,,,#N/A,,,,,,,,,,,,,,,,,,,,,,,,,,,,,,,,,,,,,,,,,,,,,,,,,,,,,,,,
,ประเทศไทย,,,#N/A,,,,,,,,,,,,,,,,,,,,,,,,,,,,,,,,,,,,,,,,,,,,,,,,,,,,,,,,
,ประเทศไทย,,,#N/A,,,,,,,,,,,,,,,,,,,,,,,,,,,,,,,,,,,,,,,,,,,,,,,,,,,,,,,,
,ประเทศไทย,,,#N/A,,,,,,,,,,,,,,,,,,,,,,,,,,,,,,,,,,,,,,,,,,,,,,,,,,,,,,,,
,ประเทศไทย,,,#N/A,,,,,,,,,,,,,,,,,,,,,,,,,,,,,,,,,,,,,,,,,,,,,,,,,,,,,,,,
,ประเทศไทย,,,#N/A,,,,,,,,,,,,,,,,,,,,,,,,,,,,,,,,,,,,,,,,,,,,,,,,,,,,,,,,
,ประเทศไทย,,,#N/A,,,,,,,,,,,,,,,,,,,,,,,,,,,,,,,,,,,,,,,,,,,,,,,,,,,,,,,,
,ประเทศไทย,,,#N/A,,,,,,,,,,,,,,,,,,,,,,,,,,,,,,,,,,,,,,,,,,,,,,,,,,,,,,,,
,ประเทศไทย,,,#N/A,,,,,,,,,,,,,,,,,,,,,,,,,,,,,,,,,,,,,,,,,,,,,,,,,,,,,,,,
,ประเทศไทย,,,#N/A,,,,,,,,,,,,,,,,,,,,,,,,,,,,,,,,,,,,,,,,,,,,,,,,,,,,,,,,
,ประเทศไทย,,,#N/A,,,,,,,,,,,,,,,,,,,,,,,,,,,,,,,,,,,,,,,,,,,,,,,,,,,,,,,,
,ประเทศไทย,,,#N/A,,,,,,,,,,,,,,,,,,,,,,,,,,,,,,,,,,,,,,,,,,,,,,,,,,,,,,,,
,ประเทศไทย,,,#N/A,,,,,,,,,,,,,,,,,,,,,,,,,,,,,,,,,,,,,,,,,,,,,,,,,,,,,,,,
,ประเทศไทย,,,#N/A,,,,,,,,,,,,,,,,,,,,,,,,,,,,,,,,,,,,,,,,,,,,,,,,,,,,,,,,
,ประเทศไทย,,,#N/A,,,,,,,,,,,,,,,,,,,,,,,,,,,,,,,,,,,,,,,,,,,,,,,,,,,,,,,,
,ประเทศไทย,,,#N/A,,,,,,,,,,,,,,,,,,,,,,,,,,,,,,,,,,,,,,,,,,,,,,,,,,,,,,,,
,ประเทศไทย,,,#N/A,,,,,,,,,,,,,,,,,,,,,,,,,,,,,,,,,,,,,,,,,,,,,,,,,,,,,,,,
,ประเทศไทย,,,#N/A,,,,,,,,,,,,,,,,,,,,,,,,,,,,,,,,,,,,,,,,,,,,,,,,,,,,,,,,
,ประเทศไทย,,,#N/A,,,,,,,,,,,,,,,,,,,,,,,,,,,,,,,,,,,,,,,,,,,,,,,,,,,,,,,,
,ประเทศไทย,,,#N/A,,,,,,,,,,,,,,,,,,,,,,,,,,,,,,,,,,,,,,,,,,,,,,,,,,,,,,,,
,ประเทศไทย,,,#N/A,,,,,,,,,,,,,,,,,,,,,,,,,,,,,,,,,,,,,,,,,,,,,,,,,,,,,,,,
,ประเทศไทย,,,#N/A,,,,,,,,,,,,,,,,,,,,,,,,,,,,,,,,,,,,,,,,,,,,,,,,,,,,,,,,
,ประเทศไทย,,,#N/A,,,,,,,,,,,,,,,,,,,,,,,,,,,,,,,,,,,,,,,,,,,,,,,,,,,,,,,,
,ประเทศไทย,,,#N/A,,,,,,,,,,,,,,,,,,,,,,,,,,,,,,,,,,,,,,,,,,,,,,,,,,,,,,,,
,ประเทศไทย,,,#N/A,,,,,,,,,,,,,,,,,,,,,,,,,,,,,,,,,,,,,,,,,,,,,,,,,,,,,,,,
,ประเทศไทย,,,#N/A,,,,,,,,,,,,,,,,,,,,,,,,,,,,,,,,,,,,,,,,,,,,,,,,,,,,,,,,
,ประเทศไทย,,,#N/A,,,,,,,,,,,,,,,,,,,,,,,,,,,,,,,,,,,,,,,,,,,,,,,,,,,,,,,,
,ประเทศไทย,,,#N/A,,,,,,,,,,,,,,,,,,,,,,,,,,,,,,,,,,,,,,,,,,,,,,,,,,,,,,,,
,ประเทศไทย,,,#N/A,,,,,,,,,,,,,,,,,,,,,,,,,,,,,,,,,,,,,,,,,,,,,,,,,,,,,,,,
,ประเทศไทย,,,#N/A,,,,,,,,,,,,,,,,,,,,,,,,,,,,,,,,,,,,,,,,,,,,,,,,,,,,,,,,
,ประเทศไทย,,,#N/A,,,,,,,,,,,,,,,,,,,,,,,,,,,,,,,,,,,,,,,,,,,,,,,,,,,,,,,,
,ประเทศไทย,,,#N/A,,,,,,,,,,,,,,,,,,,,,,,,,,,,,,,,,,,,,,,,,,,,,,,,,,,,,,,,
,ประเทศไทย,,,#N/A,,,,,,,,,,,,,,,,,,,,,,,,,,,,,,,,,,,,,,,,,,,,,,,,,,,,,,,,
,ประเทศไทย,,,#N/A,,,,,,,,,,,,,,,,,,,,,,,,,,,,,,,,,,,,,,,,,,,,,,,,,,,,,,,,
,ประเทศไทย,,,#N/A,,,,,,,,,,,,,,,,,,,,,,,,,,,,,,,,,,,,,,,,,,,,,,,,,,,,,,,,
,ประเทศไทย,,,#N/A,,,,,,,,,,,,,,,,,,,,,,,,,,,,,,,,,,,,,,,,,,,,,,,,,,,,,,,,
,ประเทศไทย,,,#N/A,,,,,,,,,,,,,,,,,,,,,,,,,,,,,,,,,,,,,,,,,,,,,,,,,,,,,,,,
,ประเทศไทย,,,#N/A,,,,,,,,,,,,,,,,,,,,,,,,,,,,,,,,,,,,,,,,,,,,,,,,,,,,,,,,
,ประเทศไทย,,,#N/A,,,,,,,,,,,,,,,,,,,,,,,,,,,,,,,,,,,,,,,,,,,,,,,,,,,,,,,,
,ประเทศไทย,,,#N/A,,,,,,,,,,,,,,,,,,,,,,,,,,,,,,,,,,,,,,,,,,,,,,,,,,,,,,,,
,ประเทศไทย,,,#N/A,,,,,,,,,,,,,,,,,,,,,,,,,,,,,,,,,,,,,,,,,,,,,,,,,,,,,,,,
,ประเทศไทย,,,#N/A,,,,,,,,,,,,,,,,,,,,,,,,,,,,,,,,,,,,,,,,,,,,,,,,,,,,,,,,
,ประเทศไทย,,,#N/A,,,,,,,,,,,,,,,,,,,,,,,,,,,,,,,,,,,,,,,,,,,,,,,,,,,,,,,,
,ประเทศไทย,,,#N/A,,,,,,,,,,,,,,,,,,,,,,,,,,,,,,,,,,,,,,,,,,,,,,,,,,,,,,,,
,ประเทศไทย,,,#N/A,,,,,,,,,,,,,,,,,,,,,,,,,,,,,,,,,,,,,,,,,,,,,,,,,,,,,,,,
,ประเทศไทย,,,#N/A,,,,,,,,,,,,,,,,,,,,,,,,,,,,,,,,,,,,,,,,,,,,,,,,,,,,,,,,
,ประเทศไทย,,,#N/A,,,,,,,,,,,,,,,,,,,,,,,,,,,,,,,,,,,,,,,,,,,,,,,,,,,,,,,,
,ประเทศไทย,,,#N/A,,,,,,,,,,,,,,,,,,,,,,,,,,,,,,,,,,,,,,,,,,,,,,,,,,,,,,,,
,ประเทศไทย,,,#N/A,,,,,,,,,,,,,,,,,,,,,,,,,,,,,,,,,,,,,,,,,,,,,,,,,,,,,,,,
,ประเทศไทย,,,#N/A,,,,,,,,,,,,,,,,,,,,,,,,,,,,,,,,,,,,,,,,,,,,,,,,,,,,,,,,
,ประเทศไทย,,,#N/A,,,,,,,,,,,,,,,,,,,,,,,,,,,,,,,,,,,,,,,,,,,,,,,,,,,,,,,,
,ประเทศไทย,,,#N/A,,,,,,,,,,,,,,,,,,,,,,,,,,,,,,,,,,,,,,,,,,,,,,,,,,,,,,,,
,ประเทศไทย,,,#N/A,,,,,,,,,,,,,,,,,,,,,,,,,,,,,,,,,,,,,,,,,,,,,,,,,,,,,,,,
,ประเทศไทย,,,#N/A,,,,,,,,,,,,,,,,,,,,,,,,,,,,,,,,,,,,,,,,,,,,,,,,,,,,,,,,
,ประเทศไทย,,,#N/A,,,,,,,,,,,,,,,,,,,,,,,,,,,,,,,,,,,,,,,,,,,,,,,,,,,,,,,,
,ประเทศไทย,,,#N/A,,,,,,,,,,,,,,,,,,,,,,,,,,,,,,,,,,,,,,,,,,,,,,,,,,,,,,,,
,ประเทศไทย,,,#N/A,,,,,,,,,,,,,,,,,,,,,,,,,,,,,,,,,,,,,,,,,,,,,,,,,,,,,,,,
,ประเทศไทย,,,#N/A,,,,,,,,,,,,,,,,,,,,,,,,,,,,,,,,,,,,,,,,,,,,,,,,,,,,,,,,
,ประเทศไทย,,,#N/A,,,,,,,,,,,,,,,,,,,,,,,,,,,,,,,,,,,,,,,,,,,,,,,,,,,,,,,,
,ประเทศไทย,,,#N/A,,,,,,,,,,,,,,,,,,,,,,,,,,,,,,,,,,,,,,,,,,,,,,,,,,,,,,,,
,ประเทศไทย,,,#N/A,,,,,,,,,,,,,,,,,,,,,,,,,,,,,,,,,,,,,,,,,,,,,,,,,,,,,,,,
,ประเทศไทย,,,#N/A,,,,,,,,,,,,,,,,,,,,,,,,,,,,,,,,,,,,,,,,,,,,,,,,,,,,,,,,
,ประเทศไทย,,,#N/A,,,,,,,,,,,,,,,,,,,,,,,,,,,,,,,,,,,,,,,,,,,,,,,,,,,,,,,,
,ประเทศไทย,,,#N/A,,,,,,,,,,,,,,,,,,,,,,,,,,,,,,,,,,,,,,,,,,,,,,,,,,,,,,,,
,ประเทศไทย,,,#N/A,,,,,,,,,,,,,,,,,,,,,,,,,,,,,,,,,,,,,,,,,,,,,,,,,,,,,,,,
,ประเทศไทย,,,#N/A,,,,,,,,,,,,,,,,,,,,,,,,,,,,,,,,,,,,,,,,,,,,,,,,,,,,,,,,
,ประเทศไทย,,,#N/A,,,,,,,,,,,,,,,,,,,,,,,,,,,,,,,,,,,,,,,,,,,,,,,,,,,,,,,,
,ประเทศไทย,,,#N/A,,,,,,,,,,,,,,,,,,,,,,,,,,,,,,,,,,,,,,,,,,,,,,,,,,,,,,,,
,ประเทศไทย,,,#N/A,,,,,,,,,,,,,,,,,,,,,,,,,,,,,,,,,,,,,,,,,,,,,,,,,,,,,,,,
,ประเทศไทย,,,#N/A,,,,,,,,,,,,,,,,,,,,,,,,,,,,,,,,,,,,,,,,,,,,,,,,,,,,,,,,
,ประเทศไทย,,,#N/A,,,,,,,,,,,,,,,,,,,,,,,,,,,,,,,,,,,,,,,,,,,,,,,,,,,,,,,,
,ประเทศไทย,,,#N/A,,,,,,,,,,,,,,,,,,,,,,,,,,,,,,,,,,,,,,,,,,,,,,,,,,,,,,,,
,ประเทศไทย,,,#N/A,,,,,,,,,,,,,,,,,,,,,,,,,,,,,,,,,,,,,,,,,,,,,,,,,,,,,,,,
,ประเทศไทย,,,#N/A,,,,,,,,,,,,,,,,,,,,,,,,,,,,,,,,,,,,,,,,,,,,,,,,,,,,,,,,
,ประเทศไทย,,,#N/A,,,,,,,,,,,,,,,,,,,,,,,,,,,,,,,,,,,,,,,,,,,,,,,,,,,,,,,,
,ประเทศไทย,,,#N/A,,,,,,,,,,,,,,,,,,,,,,,,,,,,,,,,,,,,,,,,,,,,,,,,,,,,,,,,
,ประเทศไทย,,,#N/A,,,,,,,,,,,,,,,,,,,,,,,,,,,,,,,,,,,,,,,,,,,,,,,,,,,,,,,,
,ประเทศไทย,,,#N/A,,,,,,,,,,,,,,,,,,,,,,,,,,,,,,,,,,,,,,,,,,,,,,,,,,,,,,,,
,ประเทศไทย,,,#N/A,,,,,,,,,,,,,,,,,,,,,,,,,,,,,,,,,,,,,,,,,,,,,,,,,,,,,,,,
,ประเทศไทย,,,#N/A,,,,,,,,,,,,,,,,,,,,,,,,,,,,,,,,,,,,,,,,,,,,,,,,,,,,,,,,
,ประเทศไทย,,,#N/A,,,,,,,,,,,,,,,,,,,,,,,,,,,,,,,,,,,,,,,,,,,,,,,,,,,,,,,,
,ประเทศไทย,,,#N/A,,,,,,,,,,,,,,,,,,,,,,,,,,,,,,,,,,,,,,,,,,,,,,,,,,,,,,,,
,ประเทศไทย,,,#N/A,,,,,,,,,,,,,,,,,,,,,,,,,,,,,,,,,,,,,,,,,,,,,,,,,,,,,,,,
,ประเทศไทย,,,#N/A,,,,,,,,,,,,,,,,,,,,,,,,,,,,,,,,,,,,,,,,,,,,,,,,,,,,,,,,
,ประเทศไทย,,,#N/A,,,,,,,,,,,,,,,,,,,,,,,,,,,,,,,,,,,,,,,,,,,,,,,,,,,,,,,,
,ประเทศไทย,,,#N/A,,,,,,,,,,,,,,,,,,,,,,,,,,,,,,,,,,,,,,,,,,,,,,,,,,,,,,,,
,ประเทศไทย,,,#N/A,,,,,,,,,,,,,,,,,,,,,,,,,,,,,,,,,,,,,,,,,,,,,,,,,,,,,,,,
,ประเทศไทย,,,#N/A,,,,,,,,,,,,,,,,,,,,,,,,,,,,,,,,,,,,,,,,,,,,,,,,,,,,,,,,
,ประเทศไทย,,,#N/A,,,,,,,,,,,,,,,,,,,,,,,,,,,,,,,,,,,,,,,,,,,,,,,,,,,,,,,,
,ประเทศไทย,,,#N/A,,,,,,,,,,,,,,,,,,,,,,,,,,,,,,,,,,,,,,,,,,,,,,,,,,,,,,,,
,ประเทศไทย,,,#N/A,,,,,,,,,,,,,,,,,,,,,,,,,,,,,,,,,,,,,,,,,,,,,,,,,,,,,,,,
,ประเทศไทย,,,#N/A,,,,,,,,,,,,,,,,,,,,,,,,,,,,,,,,,,,,,,,,,,,,,,,,,,,,,,,,
,ประเทศไทย,,,#N/A,,,,,,,,,,,,,,,,,,,,,,,,,,,,,,,,,,,,,,,,,,,,,,,,,,,,,,,,
,ประเทศไทย,,,#N/A,,,,,,,,,,,,,,,,,,,,,,,,,,,,,,,,,,,,,,,,,,,,,,,,,,,,,,,,
,ประเทศไทย,,,#N/A,,,,,,,,,,,,,,,,,,,,,,,,,,,,,,,,,,,,,,,,,,,,,,,,,,,,,,,,
,ประเทศไทย,,,#N/A,,,,,,,,,,,,,,,,,,,,,,,,,,,,,,,,,,,,,,,,,,,,,,,,,,,,,,,,
,ประเทศไทย,,,#N/A,,,,,,,,,,,,,,,,,,,,,,,,,,,,,,,,,,,,,,,,,,,,,,,,,,,,,,,,
,ประเทศไทย,,,#N/A,,,,,,,,,,,,,,,,,,,,,,,,,,,,,,,,,,,,,,,,,,,,,,,,,,,,,,,,
,ประเทศไทย,,,#N/A,,,,,,,,,,,,,,,,,,,,,,,,,,,,,,,,,,,,,,,,,,,,,,,,,,,,,,,,
,ประเทศไทย,,,#N/A,,,,,,,,,,,,,,,,,,,,,,,,,,,,,,,,,,,,,,,,,,,,,,,,,,,,,,,,
,ประเทศไทย,,,#N/A,,,,,,,,,,,,,,,,,,,,,,,,,,,,,,,,,,,,,,,,,,,,,,,,,,,,,,,,
,ประเทศไทย,,,#N/A,,,,,,,,,,,,,,,,,,,,,,,,,,,,,,,,,,,,,,,,,,,,,,,,,,,,,,,,
,ประเทศไทย,,,#N/A,,,,,,,,,,,,,,,,,,,,,,,,,,,,,,,,,,,,,,,,,,,,,,,,,,,,,,,,
,ประเทศไทย,,,#N/A,,,,,,,,,,,,,,,,,,,,,,,,,,,,,,,,,,,,,,,,,,,,,,,,,,,,,,,,
,ประเทศไทย,,,#N/A,,,,,,,,,,,,,,,,,,,,,,,,,,,,,,,,,,,,,,,,,,,,,,,,,,,,,,,,
,ประเทศไทย,,,#N/A,,,,,,,,,,,,,,,,,,,,,,,,,,,,,,,,,,,,,,,,,,,,,,,,,,,,,,,,
,ประเทศไทย,,,#N/A,,,,,,,,,,,,,,,,,,,,,,,,,,,,,,,,,,,,,,,,,,,,,,,,,,,,,,,,
,ประเทศไทย,,,#N/A,,,,,,,,,,,,,,,,,,,,,,,,,,,,,,,,,,,,,,,,,,,,,,,,,,,,,,,,
,ประเทศไทย,,,#N/A,,,,,,,,,,,,,,,,,,,,,,,,,,,,,,,,,,,,,,,,,,,,,,,,,,,,,,,,
,ประเทศไทย,,,#N/A,,,,,,,,,,,,,,,,,,,,,,,,,,,,,,,,,,,,,,,,,,,,,,,,,,,,,,,,
,ประเทศไทย,,,#N/A,,,,,,,,,,,,,,,,,,,,,,,,,,,,,,,,,,,,,,,,,,,,,,,,,,,,,,,,
,ประเทศไทย,,,#N/A,,,,,,,,,,,,,,,,,,,,,,,,,,,,,,,,,,,,,,,,,,,,,,,,,,,,,,,,
,ประเทศไทย,,,#N/A,,,,,,,,,,,,,,,,,,,,,,,,,,,,,,,,,,,,,,,,,,,,,,,,,,,,,,,,
,ประเทศไทย,,,#N/A,,,,,,,,,,,,,,,,,,,,,,,,,,,,,,,,,,,,,,,,,,,,,,,,,,,,,,,,
,ประเทศไทย,,,#N/A,,,,,,,,,,,,,,,,,,,,,,,,,,,,,,,,,,,,,,,,,,,,,,,,,,,,,,,,
,ประเทศไทย,,,#N/A,,,,,,,,,,,,,,,,,,,,,,,,,,,,,,,,,,,,,,,,,,,,,,,,,,,,,,,,
,ประเทศไทย,,,#N/A,,,,,,,,,,,,,,,,,,,,,,,,,,,,,,,,,,,,,,,,,,,,,,,,,,,,,,,,
,ประเทศไทย,,,#N/A,,,,,,,,,,,,,,,,,,,,,,,,,,,,,,,,,,,,,,,,,,,,,,,,,,,,,,,,
,ประเทศไทย,,,#N/A,,,,,,,,,,,,,,,,,,,,,,,,,,,,,,,,,,,,,,,,,,,,,,,,,,,,,,,,
,ประเทศไทย,,,#N/A,,,,,,,,,,,,,,,,,,,,,,,,,,,,,,,,,,,,,,,,,,,,,,,,,,,,,,,,
,ประเทศไทย,,,#N/A,,,,,,,,,,,,,,,,,,,,,,,,,,,,,,,,,,,,,,,,,,,,,,,,,,,,,,,,
,ประเทศไทย,,,#N/A,,,,,,,,,,,,,,,,,,,,,,,,,,,,,,,,,,,,,,,,,,,,,,,,,,,,,,,,
,ประเทศไทย,,,#N/A,,,,,,,,,,,,,,,,,,,,,,,,,,,,,,,,,,,,,,,,,,,,,,,,,,,,,,,,
,ประเทศไทย,,,#N/A,,,,,,,,,,,,,,,,,,,,,,,,,,,,,,,,,,,,,,,,,,,,,,,,,,,,,,,,
,ประเทศไทย,,,#N/A,,,,,,,,,,,,,,,,,,,,,,,,,,,,,,,,,,,,,,,,,,,,,,,,,,,,,,,,
,ประเทศไทย,,,#N/A,,,,,,,,,,,,,,,,,,,,,,,,,,,,,,,,,,,,,,,,,,,,,,,,,,,,,,,,
,ประเทศไทย,,,#N/A,,,,,,,,,,,,,,,,,,,,,,,,,,,,,,,,,,,,,,,,,,,,,,,,,,,,,,,,
,ประเทศไทย,,,#N/A,,,,,,,,,,,,,,,,,,,,,,,,,,,,,,,,,,,,,,,,,,,,,,,,,,,,,,,,
,ประเทศไทย,,,#N/A,,,,,,,,,,,,,,,,,,,,,,,,,,,,,,,,,,,,,,,,,,,,,,,,,,,,,,,,
,ประเทศไทย,,,#N/A,,,,,,,,,,,,,,,,,,,,,,,,,,,,,,,,,,,,,,,,,,,,,,,,,,,,,,,,
,ประเทศไทย,,,#N/A,,,,,,,,,,,,,,,,,,,,,,,,,,,,,,,,,,,,,,,,,,,,,,,,,,,,,,,,
,ประเทศไทย,,,#N/A,,,,,,,,,,,,,,,,,,,,,,,,,,,,,,,,,,,,,,,,,,,,,,,,,,,,,,,,
,ประเทศไทย,,,#N/A,,,,,,,,,,,,,,,,,,,,,,,,,,,,,,,,,,,,,,,,,,,,,,,,,,,,,,,,
,ประเทศไทย,,,#N/A,,,,,,,,,,,,,,,,,,,,,,,,,,,,,,,,,,,,,,,,,,,,,,,,,,,,,,,,
,ประเทศไทย,,,#N/A,,,,,,,,,,,,,,,,,,,,,,,,,,,,,,,,,,,,,,,,,,,,,,,,,,,,,,,,
,ประเทศไทย,,,#N/A,,,,,,,,,,,,,,,,,,,,,,,,,,,,,,,,,,,,,,,,,,,,,,,,,,,,,,,,
,ประเทศไทย,,,#N/A,,,,,,,,,,,,,,,,,,,,,,,,,,,,,,,,,,,,,,,,,,,,,,,,,,,,,,,,
,ประเทศไทย,,,#N/A,,,,,,,,,,,,,,,,,,,,,,,,,,,,,,,,,,,,,,,,,,,,,,,,,,,,,,,,
,ประเทศไทย,,,#N/A,,,,,,,,,,,,,,,,,,,,,,,,,,,,,,,,,,,,,,,,,,,,,,,,,,,,,,,,
,ประเทศไทย,,,#N/A,,,,,,,,,,,,,,,,,,,,,,,,,,,,,,,,,,,,,,,,,,,,,,,,,,,,,,,,
,ประเทศไทย,,,#N/A,,,,,,,,,,,,,,,,,,,,,,,,,,,,,,,,,,,,,,,,,,,,,,,,,,,,,,,,
,ประเทศไทย,,,#N/A,,,,,,,,,,,,,,,,,,,,,,,,,,,,,,,,,,,,,,,,,,,,,,,,,,,,,,,,
,ประเทศไทย,,,#N/A,,,,,,,,,,,,,,,,,,,,,,,,,,,,,,,,,,,,,,,,,,,,,,,,,,,,,,,,
,ประเทศไทย,,,#N/A,,,,,,,,,,,,,,,,,,,,,,,,,,,,,,,,,,,,,,,,,,,,,,,,,,,,,,,,
,ประเทศไทย,,,#N/A,,,,,,,,,,,,,,,,,,,,,,,,,,,,,,,,,,,,,,,,,,,,,,,,,,,,,,,,
,ประเทศไทย,,,#N/A,,,,,,,,,,,,,,,,,,,,,,,,,,,,,,,,,,,,,,,,,,,,,,,,,,,,,,,,
,ประเทศไทย,,,#N/A,,,,,,,,,,,,,,,,,,,,,,,,,,,,,,,,,,,,,,,,,,,,,,,,,,,,,,,,
,ประเทศไทย,,,#N/A,,,,,,,,,,,,,,,,,,,,,,,,,,,,,,,,,,,,,,,,,,,,,,,,,,,,,,,,
,ประเทศไทย,,,#N/A,,,,,,,,,,,,,,,,,,,,,,,,,,,,,,,,,,,,,,,,,,,,,,,,,,,,,,,,
,ประเทศไทย,,,#N/A,,,,,,,,,,,,,,,,,,,,,,,,,,,,,,,,,,,,,,,,,,,,,,,,,,,,,,,,
,ประเทศไทย,,,#N/A,,,,,,,,,,,,,,,,,,,,,,,,,,,,,,,,,,,,,,,,,,,,,,,,,,,,,,,,
,ประเทศไทย,,,#N/A,,,,,,,,,,,,,,,,,,,,,,,,,,,,,,,,,,,,,,,,,,,,,,,,,,,,,,,,
,ประเทศไทย,,,#N/A,,,,,,,,,,,,,,,,,,,,,,,,,,,,,,,,,,,,,,,,,,,,,,,,,,,,,,,,
,ประเทศไทย,,,#N/A,,,,,,,,,,,,,,,,,,,,,,,,,,,,,,,,,,,,,,,,,,,,,,,,,,,,,,,,
,ประเทศไทย,,,#N/A,,,,,,,,,,,,,,,,,,,,,,,,,,,,,,,,,,,,,,,,,,,,,,,,,,,,,,,,
,ประเทศไทย,,,#N/A,,,,,,,,,,,,,,,,,,,,,,,,,,,,,,,,,,,,,,,,,,,,,,,,,,,,,,,,
,ประเทศไทย,,,#N/A,,,,,,,,,,,,,,,,,,,,,,,,,,,,,,,,,,,,,,,,,,,,,,,,,,,,,,,,
,ประเทศไทย,,,#N/A,,,,,,,,,,,,,,,,,,,,,,,,,,,,,,,,,,,,,,,,,,,,,,,,,,,,,,,,
,ประเทศไทย,,,#N/A,,,,,,,,,,,,,,,,,,,,,,,,,,,,,,,,,,,,,,,,,,,,,,,,,,,,,,,,
,ประเทศไทย,,,#N/A,,,,,,,,,,,,,,,,,,,,,,,,,,,,,,,,,,,,,,,,,,,,,,,,,,,,,,,,
,ประเทศไทย,,,#N/A,,,,,,,,,,,,,,,,,,,,,,,,,,,,,,,,,,,,,,,,,,,,,,,,,,,,,,,,
,ประเทศไทย,,,#N/A,,,,,,,,,,,,,,,,,,,,,,,,,,,,,,,,,,,,,,,,,,,,,,,,,,,,,,,,
,ประเทศไทย,,,#N/A,,,,,,,,,,,,,,,,,,,,,,,,,,,,,,,,,,,,,,,,,,,,,,,,,,,,,,,,
,ประเทศไทย,,,#N/A,,,,,,,,,,,,,,,,,,,,,,,,,,,,,,,,,,,,,,,,,,,,,,,,,,,,,,,,
,ประเทศไทย,,,#N/A,,,,,,,,,,,,,,,,,,,,,,,,,,,,,,,,,,,,,,,,,,,,,,,,,,,,,,,,
,ประเทศไทย,,,#N/A,,,,,,,,,,,,,,,,,,,,,,,,,,,,,,,,,,,,,,,,,,,,,,,,,,,,,,,,
,ประเทศไทย,,,#N/A,,,,,,,,,,,,,,,,,,,,,,,,,,,,,,,,,,,,,,,,,,,,,,,,,,,,,,,,
,ประเทศไทย,,,#N/A,,,,,,,,,,,,,,,,,,,,,,,,,,,,,,,,,,,,,,,,,,,,,,,,,,,,,,,,
,ประเทศไทย,,,#N/A,,,,,,,,,,,,,,,,,,,,,,,,,,,,,,,,,,,,,,,,,,,,,,,,,,,,,,,,
,ประเทศไทย,,,#N/A,,,,,,,,,,,,,,,,,,,,,,,,,,,,,,,,,,,,,,,,,,,,,,,,,,,,,,,,
,ประเทศไทย,,,#N/A,,,,,,,,,,,,,,,,,,,,,,,,,,,,,,,,,,,,,,,,,,,,,,,,,,,,,,,,
,ประเทศไทย,,,#N/A,,,,,,,,,,,,,,,,,,,,,,,,,,,,,,,,,,,,,,,,,,,,,,,,,,,,,,,,
,ประเทศไทย,,,#N/A,,,,,,,,,,,,,,,,,,,,,,,,,,,,,,,,,,,,,,,,,,,,,,,,,,,,,,,,
,ประเทศไทย,,,#N/A,,,,,,,,,,,,,,,,,,,,,,,,,,,,,,,,,,,,,,,,,,,,,,,,,,,,,,,,
,ประเทศไทย,,,#N/A,,,,,,,,,,,,,,,,,,,,,,,,,,,,,,,,,,,,,,,,,,,,,,,,,,,,,,,,
,ประเทศไทย,,,#N/A,,,,,,,,,,,,,,,,,,,,,,,,,,,,,,,,,,,,,,,,,,,,,,,,,,,,,,,,
,ประเทศไทย,,,#N/A,,,,,,,,,,,,,,,,,,,,,,,,,,,,,,,,,,,,,,,,,,,,,,,,,,,,,,,,
,ประเทศไทย,,,#N/A,,,,,,,,,,,,,,,,,,,,,,,,,,,,,,,,,,,,,,,,,,,,,,,,,,,,,,,,
,ประเทศไทย,,,#N/A,,,,,,,,,,,,,,,,,,,,,,,,,,,,,,,,,,,,,,,,,,,,,,,,,,,,,,,,
,ประเทศไทย,,,#N/A,,,,,,,,,,,,,,,,,,,,,,,,,,,,,,,,,,,,,,,,,,,,,,,,,,,,,,,,
,ประเทศไทย,,,#N/A,,,,,,,,,,,,,,,,,,,,,,,,,,,,,,,,,,,,,,,,,,,,,,,,,,,,,,,,
,ประเทศไทย,,,#N/A,,,,,,,,,,,,,,,,,,,,,,,,,,,,,,,,,,,,,,,,,,,,,,,,,,,,,,,,
,ประเทศไทย,,,#N/A,,,,,,,,,,,,,,,,,,,,,,,,,,,,,,,,,,,,,,,,,,,,,,,,,,,,,,,,
,ประเทศไทย,,,#N/A,,,,,,,,,,,,,,,,,,,,,,,,,,,,,,,,,,,,,,,,,,,,,,,,,,,,,,,,
,ประเทศไทย,,,#N/A,,,,,,,,,,,,,,,,,,,,,,,,,,,,,,,,,,,,,,,,,,,,,,,,,,,,,,,,
,ประเทศไทย,,,#N/A,,,,,,,,,,,,,,,,,,,,,,,,,,,,,,,,,,,,,,,,,,,,,,,,,,,,,,,,
,ประเทศไทย,,,#N/A,,,,,,,,,,,,,,,,,,,,,,,,,,,,,,,,,,,,,,,,,,,,,,,,,,,,,,,,
,ประเทศไทย,,,#N/A,,,,,,,,,,,,,,,,,,,,,,,,,,,,,,,,,,,,,,,,,,,,,,,,,,,,,,,,
,ประเทศไทย,,,#N/A,,,,,,,,,,,,,,,,,,,,,,,,,,,,,,,,,,,,,,,,,,,,,,,,,,,,,,,,
,ประเทศไทย,,,#N/A,,,,,,,,,,,,,,,,,,,,,,,,,,,,,,,,,,,,,,,,,,,,,,,,,,,,,,,,
,ประเทศไทย,,,#N/A,,,,,,,,,,,,,,,,,,,,,,,,,,,,,,,,,,,,,,,,,,,,,,,,,,,,,,,,
,ประเทศไทย,,,#N/A,,,,,,,,,,,,,,,,,,,,,,,,,,,,,,,,,,,,,,,,,,,,,,,,,,,,,,,,
,ประเทศไทย,,,#N/A,,,,,,,,,,,,,,,,,,,,,,,,,,,,,,,,,,,,,,,,,,,,,,,,,,,,,,,,
,ประเทศไทย,,,#N/A,,,,,,,,,,,,,,,,,,,,,,,,,,,,,,,,,,,,,,,,,,,,,,,,,,,,,,,,
,ประเทศไทย,,,#N/A,,,,,,,,,,,,,,,,,,,,,,,,,,,,,,,,,,,,,,,,,,,,,,,,,,,,,,,,
,ประเทศไทย,,,#N/A,,,,,,,,,,,,,,,,,,,,,,,,,,,,,,,,,,,,,,,,,,,,,,,,,,,,,,,,
,ประเทศไทย,,,#N/A,,,,,,,,,,,,,,,,,,,,,,,,,,,,,,,,,,,,,,,,,,,,,,,,,,,,,,,,
,ประเทศไทย,,,#N/A,,,,,,,,,,,,,,,,,,,,,,,,,,,,,,,,,,,,,,,,,,,,,,,,,,,,,,,,
,ประเทศไทย,,,#N/A,,,,,,,,,,,,,,,,,,,,,,,,,,,,,,,,,,,,,,,,,,,,,,,,,,,,,,,,
,ประเทศไทย,,,#N/A,,,,,,,,,,,,,,,,,,,,,,,,,,,,,,,,,,,,,,,,,,,,,,,,,,,,,,,,
,ประเทศไทย,,,#N/A,,,,,,,,,,,,,,,,,,,,,,,,,,,,,,,,,,,,,,,,,,,,,,,,,,,,,,,,
,ประเทศไทย,,,#N/A,,,,,,,,,,,,,,,,,,,,,,,,,,,,,,,,,,,,,,,,,,,,,,,,,,,,,,,,
,ประเทศไทย,,,#N/A,,,,,,,,,,,,,,,,,,,,,,,,,,,,,,,,,,,,,,,,,,,,,,,,,,,,,,,,
,ประเทศไทย,,,#N/A,,,,,,,,,,,,,,,,,,,,,,,,,,,,,,,,,,,,,,,,,,,,,,,,,,,,,,,,
,ประเทศไทย,,,#N/A,,,,,,,,,,,,,,,,,,,,,,,,,,,,,,,,,,,,,,,,,,,,,,,,,,,,,,,,
,ประเทศไทย,,,#N/A,,,,,,,,,,,,,,,,,,,,,,,,,,,,,,,,,,,,,,,,,,,,,,,,,,,,,,,,
,ประเทศไทย,,,#N/A,,,,,,,,,,,,,,,,,,,,,,,,,,,,,,,,,,,,,,,,,,,,,,,,,,,,,,,,
,ประเทศไทย,,,#N/A,,,,,,,,,,,,,,,,,,,,,,,,,,,,,,,,,,,,,,,,,,,,,,,,,,,,,,,,
,ประเทศไทย,,,#N/A,,,,,,,,,,,,,,,,,,,,,,,,,,,,,,,,,,,,,,,,,,,,,,,,,,,,,,,,
,ประเทศไทย,,,#N/A,,,,,,,,,,,,,,,,,,,,,,,,,,,,,,,,,,,,,,,,,,,,,,,,,,,,,,,,
,ประเทศไทย,,,#N/A,,,,,,,,,,,,,,,,,,,,,,,,,,,,,,,,,,,,,,,,,,,,,,,,,,,,,,,,
,ประเทศไทย,,,#N/A,,,,,,,,,,,,,,,,,,,,,,,,,,,,,,,,,,,,,,,,,,,,,,,,,,,,,,,,
,ประเทศไทย,,,#N/A,,,,,,,,,,,,,,,,,,,,,,,,,,,,,,,,,,,,,,,,,,,,,,,,,,,,,,,,
,ประเทศไทย,,,#N/A,,,,,,,,,,,,,,,,,,,,,,,,,,,,,,,,,,,,,,,,,,,,,,,,,,,,,,,,
,ประเทศไทย,,,#N/A,,,,,,,,,,,,,,,,,,,,,,,,,,,,,,,,,,,,,,,,,,,,,,,,,,,,,,,,
,ประเทศไทย,,,#N/A,,,,,,,,,,,,,,,,,,,,,,,,,,,,,,,,,,,,,,,,,,,,,,,,,,,,,,,,
,ประเทศไทย,,,#N/A,,,,,,,,,,,,,,,,,,,,,,,,,,,,,,,,,,,,,,,,,,,,,,,,,,,,,,,,
,ประเทศไทย,,,#N/A,,,,,,,,,,,,,,,,,,,,,,,,,,,,,,,,,,,,,,,,,,,,,,,,,,,,,,,,
,ประเทศไทย,,,#N/A,,,,,,,,,,,,,,,,,,,,,,,,,,,,,,,,,,,,,,,,,,,,,,,,,,,,,,,,
,ประเทศไทย,,,#N/A,,,,,,,,,,,,,,,,,,,,,,,,,,,,,,,,,,,,,,,,,,,,,,,,,,,,,,,,
,ประเทศไทย,,,#N/A,,,,,,,,,,,,,,,,,,,,,,,,,,,,,,,,,,,,,,,,,,,,,,,,,,,,,,,,
,ประเทศไทย,,,#N/A,,,,,,,,,,,,,,,,,,,,,,,,,,,,,,,,,,,,,,,,,,,,,,,,,,,,,,,,
,ประเทศไทย,,,#N/A,,,,,,,,,,,,,,,,,,,,,,,,,,,,,,,,,,,,,,,,,,,,,,,,,,,,,,,,
,ประเทศไทย,,,#N/A,,,,,,,,,,,,,,,,,,,,,,,,,,,,,,,,,,,,,,,,,,,,,,,,,,,,,,,,
,ประเทศไทย,,,#N/A,,,,,,,,,,,,,,,,,,,,,,,,,,,,,,,,,,,,,,,,,,,,,,,,,,,,,,,,
,ประเทศไทย,,,#N/A,,,,,,,,,,,,,,,,,,,,,,,,,,,,,,,,,,,,,,,,,,,,,,,,,,,,,,,,
,ประเทศไทย,,,#N/A,,,,,,,,,,,,,,,,,,,,,,,,,,,,,,,,,,,,,,,,,,,,,,,,,,,,,,,,
,ประเทศไทย,,,#N/A,,,,,,,,,,,,,,,,,,,,,,,,,,,,,,,,,,,,,,,,,,,,,,,,,,,,,,,,
,ประเทศไทย,,,#N/A,,,,,,,,,,,,,,,,,,,,,,,,,,,,,,,,,,,,,,,,,,,,,,,,,,,,,,,,
,ประเทศไทย,,,#N/A,,,,,,,,,,,,,,,,,,,,,,,,,,,,,,,,,,,,,,,,,,,,,,,,,,,,,,,,
,ประเทศไทย,,,#N/A,,,,,,,,,,,,,,,,,,,,,,,,,,,,,,,,,,,,,,,,,,,,,,,,,,,,,,,,
,ประเทศไทย,,,#N/A,,,,,,,,,,,,,,,,,,,,,,,,,,,,,,,,,,,,,,,,,,,,,,,,,,,,,,,,
,ประเทศไทย,,,#N/A,,,,,,,,,,,,,,,,,,,,,,,,,,,,,,,,,,,,,,,,,,,,,,,,,,,,,,,,
,ประเทศไทย,,,#N/A,,,,,,,,,,,,,,,,,,,,,,,,,,,,,,,,,,,,,,,,,,,,,,,,,,,,,,,,
,ประเทศไทย,,,#N/A,,,,,,,,,,,,,,,,,,,,,,,,,,,,,,,,,,,,,,,,,,,,,,,,,,,,,,,,
,ประเทศไทย,,,#N/A,,,,,,,,,,,,,,,,,,,,,,,,,,,,,,,,,,,,,,,,,,,,,,,,,,,,,,,,
,ประเทศไทย,,,#N/A,,,,,,,,,,,,,,,,,,,,,,,,,,,,,,,,,,,,,,,,,,,,,,,,,,,,,,,,
,ประเทศไทย,,,#N/A,,,,,,,,,,,,,,,,,,,,,,,,,,,,,,,,,,,,,,,,,,,,,,,,,,,,,,,,
,ประเทศไทย,,,#N/A,,,,,,,,,,,,,,,,,,,,,,,,,,,,,,,,,,,,,,,,,,,,,,,,,,,,,,,,
,ประเทศไทย,,,#N/A,,,,,,,,,,,,,,,,,,,,,,,,,,,,,,,,,,,,,,,,,,,,,,,,,,,,,,,,
,ประเทศไทย,,,#N/A,,,,,,,,,,,,,,,,,,,,,,,,,,,,,,,,,,,,,,,,,,,,,,,,,,,,,,,,
,ประเทศไทย,,,#N/A,,,,,,,,,,,,,,,,,,,,,,,,,,,,,,,,,,,,,,,,,,,,,,,,,,,,,,,,
,ประเทศไทย,,,#N/A,,,,,,,,,,,,,,,,,,,,,,,,,,,,,,,,,,,,,,,,,,,,,,,,,,,,,,,,
,ประเทศไทย,,,#N/A,,,,,,,,,,,,,,,,,,,,,,,,,,,,,,,,,,,,,,,,,,,,,,,,,,,,,,,,
,ประเทศไทย,,,#N/A,,,,,,,,,,,,,,,,,,,,,,,,,,,,,,,,,,,,,,,,,,,,,,,,,,,,,,,,
,ประเทศไทย,,,#N/A,,,,,,,,,,,,,,,,,,,,,,,,,,,,,,,,,,,,,,,,,,,,,,,,,,,,,,,,
,ประเทศไทย,,,#N/A,,,,,,,,,,,,,,,,,,,,,,,,,,,,,,,,,,,,,,,,,,,,,,,,,,,,,,,,
,ประเทศไทย,,,#N/A,,,,,,,,,,,,,,,,,,,,,,,,,,,,,,,,,,,,,,,,,,,,,,,,,,,,,,,,
,ประเทศไทย,,,#N/A,,,,,,,,,,,,,,,,,,,,,,,,,,,,,,,,,,,,,,,,,,,,,,,,,,,,,,,,
,ประเทศไทย,,,#N/A,,,,,,,,,,,,,,,,,,,,,,,,,,,,,,,,,,,,,,,,,,,,,,,,,,,,,,,,
,ประเทศไทย,,,#N/A,,,,,,,,,,,,,,,,,,,,,,,,,,,,,,,,,,,,,,,,,,,,,,,,,,,,,,,,
,ประเทศไทย,,,#N/A,,,,,,,,,,,,,,,,,,,,,,,,,,,,,,,,,,,,,,,,,,,,,,,,,,,,,,,,
,ประเทศไทย,,,#N/A,,,,,,,,,,,,,,,,,,,,,,,,,,,,,,,,,,,,,,,,,,,,,,,,,,,,,,,,
,ประเทศไทย,,,#N/A,,,,,,,,,,,,,,,,,,,,,,,,,,,,,,,,,,,,,,,,,,,,,,,,,,,,,,,,
,ประเทศไทย,,,#N/A,,,,,,,,,,,,,,,,,,,,,,,,,,,,,,,,,,,,,,,,,,,,,,,,,,,,,,,,
,ประเทศไทย,,,#N/A,,,,,,,,,,,,,,,,,,,,,,,,,,,,,,,,,,,,,,,,,,,,,,,,,,,,,,,,
,ประเทศไทย,,,#N/A,,,,,,,,,,,,,,,,,,,,,,,,,,,,,,,,,,,,,,,,,,,,,,,,,,,,,,,,
,ประเทศไทย,,,#N/A,,,,,,,,,,,,,,,,,,,,,,,,,,,,,,,,,,,,,,,,,,,,,,,,,,,,,,,,
,ประเทศไทย,,,#N/A,,,,,,,,,,,,,,,,,,,,,,,,,,,,,,,,,,,,,,,,,,,,,,,,,,,,,,,,
,ประเทศไทย,,,#N/A,,,,,,,,,,,,,,,,,,,,,,,,,,,,,,,,,,,,,,,,,,,,,,,,,,,,,,,,
,ประเทศไทย,,,#N/A,,,,,,,,,,,,,,,,,,,,,,,,,,,,,,,,,,,,,,,,,,,,,,,,,,,,,,,,
,ประเทศไทย,,,#N/A,,,,,,,,,,,,,,,,,,,,,,,,,,,,,,,,,,,,,,,,,,,,,,,,,,,,,,,,
,ประเทศไทย,,,#N/A,,,,,,,,,,,,,,,,,,,,,,,,,,,,,,,,,,,,,,,,,,,,,,,,,,,,,,,,
,ประเทศไทย,,,#N/A,,,,,,,,,,,,,,,,,,,,,,,,,,,,,,,,,,,,,,,,,,,,,,,,,,,,,,,,
,ประเทศไทย,,,#N/A,,,,,,,,,,,,,,,,,,,,,,,,,,,,,,,,,,,,,,,,,,,,,,,,,,,,,,,,
,ประเทศไทย,,,#N/A,,,,,,,,,,,,,,,,,,,,,,,,,,,,,,,,,,,,,,,,,,,,,,,,,,,,,,,,
,ประเทศไทย,,,#N/A,,,,,,,,,,,,,,,,,,,,,,,,,,,,,,,,,,,,,,,,,,,,,,,,,,,,,,,,
,ประเทศไทย,,,#N/A,,,,,,,,,,,,,,,,,,,,,,,,,,,,,,,,,,,,,,,,,,,,,,,,,,,,,,,,
,ประเทศไทย,,,#N/A,,,,,,,,,,,,,,,,,,,,,,,,,,,,,,,,,,,,,,,,,,,,,,,,,,,,,,,,
,ประเทศไทย,,,#N/A,,,,,,,,,,,,,,,,,,,,,,,,,,,,,,,,,,,,,,,,,,,,,,,,,,,,,,,,
,ประเทศไทย,,,#N/A,,,,,,,,,,,,,,,,,,,,,,,,,,,,,,,,,,,,,,,,,,,,,,,,,,,,,,,,
,ประเทศไทย,,,#N/A,,,,,,,,,,,,,,,,,,,,,,,,,,,,,,,,,,,,,,,,,,,,,,,,,,,,,,,,
,ประเทศไทย,,,#N/A,,,,,,,,,,,,,,,,,,,,,,,,,,,,,,,,,,,,,,,,,,,,,,,,,,,,,,,,
,ประเทศไทย,,,#N/A,,,,,,,,,,,,,,,,,,,,,,,,,,,,,,,,,,,,,,,,,,,,,,,,,,,,,,,,
,ประเทศไทย,,,#N/A,,,,,,,,,,,,,,,,,,,,,,,,,,,,,,,,,,,,,,,,,,,,,,,,,,,,,,,,
,ประเทศไทย,,,#N/A,,,,,,,,,,,,,,,,,,,,,,,,,,,,,,,,,,,,,,,,,,,,,,,,,,,,,,,,
,ประเทศไทย,,,#N/A,,,,,,,,,,,,,,,,,,,,,,,,,,,,,,,,,,,,,,,,,,,,,,,,,,,,,,,,
,ประเทศไทย,,,#N/A,,,,,,,,,,,,,,,,,,,,,,,,,,,,,,,,,,,,,,,,,,,,,,,,,,,,,,,,
,ประเทศไทย,,,#N/A,,,,,,,,,,,,,,,,,,,,,,,,,,,,,,,,,,,,,,,,,,,,,,,,,,,,,,,,
,ประเทศไทย,,,#N/A,,,,,,,,,,,,,,,,,,,,,,,,,,,,,,,,,,,,,,,,,,,,,,,,,,,,,,,,
,ประเทศไทย,,,#N/A,,,,,,,,,,,,,,,,,,,,,,,,,,,,,,,,,,,,,,,,,,,,,,,,,,,,,,,,
,ประเทศไทย,,,#N/A,,,,,,,,,,,,,,,,,,,,,,,,,,,,,,,,,,,,,,,,,,,,,,,,,,,,,,,,
,ประเทศไทย,,,#N/A,,,,,,,,,,,,,,,,,,,,,,,,,,,,,,,,,,,,,,,,,,,,,,,,,,,,,,,,
,ประเทศไทย,,,#N/A,,,,,,,,,,,,,,,,,,,,,,,,,,,,,,,,,,,,,,,,,,,,,,,,,,,,,,,,
,ประเทศไทย,,,#N/A,,,,,,,,,,,,,,,,,,,,,,,,,,,,,,,,,,,,,,,,,,,,,,,,,,,,,,,,
,ประเทศไทย,,,#N/A,,,,,,,,,,,,,,,,,,,,,,,,,,,,,,,,,,,,,,,,,,,,,,,,,,,,,,,,
,ประเทศไทย,,,#N/A,,,,,,,,,,,,,,,,,,,,,,,,,,,,,,,,,,,,,,,,,,,,,,,,,,,,,,,,
,ประเทศไทย,,,#N/A,,,,,,,,,,,,,,,,,,,,,,,,,,,,,,,,,,,,,,,,,,,,,,,,,,,,,,,,
,ประเทศไทย,,,#N/A,,,,,,,,,,,,,,,,,,,,,,,,,,,,,,,,,,,,,,,,,,,,,,,,,,,,,,,,
,ประเทศไทย,,,#N/A,,,,,,,,,,,,,,,,,,,,,,,,,,,,,,,,,,,,,,,,,,,,,,,,,,,,,,,,
,ประเทศไทย,,,#N/A,,,,,,,,,,,,,,,,,,,,,,,,,,,,,,,,,,,,,,,,,,,,,,,,,,,,,,,,
,ประเทศไทย,,,#N/A,,,,,,,,,,,,,,,,,,,,,,,,,,,,,,,,,,,,,,,,,,,,,,,,,,,,,,,,
,ประเทศไทย,,,#N/A,,,,,,,,,,,,,,,,,,,,,,,,,,,,,,,,,,,,,,,,,,,,,,,,,,,,,,,,
,ประเทศไทย,,,#N/A,,,,,,,,,,,,,,,,,,,,,,,,,,,,,,,,,,,,,,,,,,,,,,,,,,,,,,,,
,ประเทศไทย,,,#N/A,,,,,,,,,,,,,,,,,,,,,,,,,,,,,,,,,,,,,,,,,,,,,,,,,,,,,,,,
,ประเทศไทย,,,#N/A,,,,,,,,,,,,,,,,,,,,,,,,,,,,,,,,,,,,,,,,,,,,,,,,,,,,,,,,
,ประเทศไทย,,,#N/A,,,,,,,,,,,,,,,,,,,,,,,,,,,,,,,,,,,,,,,,,,,,,,,,,,,,,,,,
,ประเทศไทย,,,#N/A,,,,,,,,,,,,,,,,,,,,,,,,,,,,,,,,,,,,,,,,,,,,,,,,,,,,,,,,
,ประเทศไทย,,,#N/A,,,,,,,,,,,,,,,,,,,,,,,,,,,,,,,,,,,,,,,,,,,,,,,,,,,,,,,,
,ประเทศไทย,,,#N/A,,,,,,,,,,,,,,,,,,,,,,,,,,,,,,,,,,,,,,,,,,,,,,,,,,,,,,,,
,ประเทศไทย,,,#N/A,,,,,,,,,,,,,,,,,,,,,,,,,,,,,,,,,,,,,,,,,,,,,,,,,,,,,,,,
,ประเทศไทย,,,#N/A,,,,,,,,,,,,,,,,,,,,,,,,,,,,,,,,,,,,,,,,,,,,,,,,,,,,,,,,
,ประเทศไทย,,,#N/A,,,,,,,,,,,,,,,,,,,,,,,,,,,,,,,,,,,,,,,,,,,,,,,,,,,,,,,,
,ประเทศไทย,,,#N/A,,,,,,,,,,,,,,,,,,,,,,,,,,,,,,,,,,,,,,,,,,,,,,,,,,,,,,,,
,ประเทศไทย,,,#N/A,,,,,,,,,,,,,,,,,,,,,,,,,,,,,,,,,,,,,,,,,,,,,,,,,,,,,,,,
,ประเทศไทย,,,#N/A,,,,,,,,,,,,,,,,,,,,,,,,,,,,,,,,,,,,,,,,,,,,,,,,,,,,,,,,
,ประเทศไทย,,,#N/A,,,,,,,,,,,,,,,,,,,,,,,,,,,,,,,,,,,,,,,,,,,,,,,,,,,,,,,,
,ประเทศไทย,,,#N/A,,,,,,,,,,,,,,,,,,,,,,,,,,,,,,,,,,,,,,,,,,,,,,,,,,,,,,,,
,ประเทศไทย,,,#N/A,,,,,,,,,,,,,,,,,,,,,,,,,,,,,,,,,,,,,,,,,,,,,,,,,,,,,,,,
,ประเทศไทย,,,#N/A,,,,,,,,,,,,,,,,,,,,,,,,,,,,,,,,,,,,,,,,,,,,,,,,,,,,,,,,
,ประเทศไทย,,,#N/A,,,,,,,,,,,,,,,,,,,,,,,,,,,,,,,,,,,,,,,,,,,,,,,,,,,,,,,,
,ประเทศไทย,,,#N/A,,,,,,,,,,,,,,,,,,,,,,,,,,,,,,,,,,,,,,,,,,,,,,,,,,,,,,,,
,ประเทศไทย,,,#N/A,,,,,,,,,,,,,,,,,,,,,,,,,,,,,,,,,,,,,,,,,,,,,,,,,,,,,,,,
,ประเทศไทย,,,#N/A,,,,,,,,,,,,,,,,,,,,,,,,,,,,,,,,,,,,,,,,,,,,,,,,,,,,,,,,
,ประเทศไทย,,,#N/A,,,,,,,,,,,,,,,,,,,,,,,,,,,,,,,,,,,,,,,,,,,,,,,,,,,,,,,,
,ประเทศไทย,,,#N/A,,,,,,,,,,,,,,,,,,,,,,,,,,,,,,,,,,,,,,,,,,,,,,,,,,,,,,,,
,ประเทศไทย,,,#N/A,,,,,,,,,,,,,,,,,,,,,,,,,,,,,,,,,,,,,,,,,,,,,,,,,,,,,,,,
,ประเทศไทย,,,#N/A,,,,,,,,,,,,,,,,,,,,,,,,,,,,,,,,,,,,,,,,,,,,,,,,,,,,,,,,
,ประเทศไทย,,,#N/A,,,,,,,,,,,,,,,,,,,,,,,,,,,,,,,,,,,,,,,,,,,,,,,,,,,,,,,,
,ประเทศไทย,,,#N/A,,,,,,,,,,,,,,,,,,,,,,,,,,,,,,,,,,,,,,,,,,,,,,,,,,,,,,,,
,ประเทศไทย,,,#N/A,,,,,,,,,,,,,,,,,,,,,,,,,,,,,,,,,,,,,,,,,,,,,,,,,,,,,,,,
,ประเทศไทย,,,#N/A,,,,,,,,,,,,,,,,,,,,,,,,,,,,,,,,,,,,,,,,,,,,,,,,,,,,,,,,
,ประเทศไทย,,,#N/A,,,,,,,,,,,,,,,,,,,,,,,,,,,,,,,,,,,,,,,,,,,,,,,,,,,,,,,,
,ประเทศไทย,,,#N/A,,,,,,,,,,,,,,,,,,,,,,,,,,,,,,,,,,,,,,,,,,,,,,,,,,,,,,,,
,ประเทศไทย,,,#N/A,,,,,,,,,,,,,,,,,,,,,,,,,,,,,,,,,,,,,,,,,,,,,,,,,,,,,,,,
,ประเทศไทย,,,#N/A,,,,,,,,,,,,,,,,,,,,,,,,,,,,,,,,,,,,,,,,,,,,,,,,,,,,,,,,
,ประเทศไทย,,,#N/A,,,,,,,,,,,,,,,,,,,,,,,,,,,,,,,,,,,,,,,,,,,,,,,,,,,,,,,,
,ประเทศไทย,,,#N/A,,,,,,,,,,,,,,,,,,,,,,,,,,,,,,,,,,,,,,,,,,,,,,,,,,,,,,,,
,ประเทศไทย,,,#N/A,,,,,,,,,,,,,,,,,,,,,,,,,,,,,,,,,,,,,,,,,,,,,,,,,,,,,,,,
,ประเทศไทย,,,#N/A,,,,,,,,,,,,,,,,,,,,,,,,,,,,,,,,,,,,,,,,,,,,,,,,,,,,,,,,
,ประเทศไทย,,,#N/A,,,,,,,,,,,,,,,,,,,,,,,,,,,,,,,,,,,,,,,,,,,,,,,,,,,,,,,,
,ประเทศไทย,,,#N/A,,,,,,,,,,,,,,,,,,,,,,,,,,,,,,,,,,,,,,,,,,,,,,,,,,,,,,,,
,ประเทศไทย,,,#N/A,,,,,,,,,,,,,,,,,,,,,,,,,,,,,,,,,,,,,,,,,,,,,,,,,,,,,,,,
,ประเทศไทย,,,#N/A,,,,,,,,,,,,,,,,,,,,,,,,,,,,,,,,,,,,,,,,,,,,,,,,,,,,,,,,
,ประเทศไทย,,,#N/A,,,,,,,,,,,,,,,,,,,,,,,,,,,,,,,,,,,,,,,,,,,,,,,,,,,,,,,,
,ประเทศไทย,,,#N/A,,,,,,,,,,,,,,,,,,,,,,,,,,,,,,,,,,,,,,,,,,,,,,,,,,,,,,,,
,ประเทศไทย,,,#N/A,,,,,,,,,,,,,,,,,,,,,,,,,,,,,,,,,,,,,,,,,,,,,,,,,,,,,,,,
,ประเทศไทย,,,#N/A,,,,,,,,,,,,,,,,,,,,,,,,,,,,,,,,,,,,,,,,,,,,,,,,,,,,,,,,
,ประเทศไทย,,,#N/A,,,,,,,,,,,,,,,,,,,,,,,,,,,,,,,,,,,,,,,,,,,,,,,,,,,,,,,,
,ประเทศไทย,,,#N/A,,,,,,,,,,,,,,,,,,,,,,,,,,,,,,,,,,,,,,,,,,,,,,,,,,,,,,,,
,ประเทศไทย,,,#N/A,,,,,,,,,,,,,,,,,,,,,,,,,,,,,,,,,,,,,,,,,,,,,,,,,,,,,,,,
,ประเทศไทย,,,#N/A,,,,,,,,,,,,,,,,,,,,,,,,,,,,,,,,,,,,,,,,,,,,,,,,,,,,,,,,
,ประเทศไทย,,,#N/A,,,,,,,,,,,,,,,,,,,,,,,,,,,,,,,,,,,,,,,,,,,,,,,,,,,,,,,,
,ประเทศไทย,,,#N/A,,,,,,,,,,,,,,,,,,,,,,,,,,,,,,,,,,,,,,,,,,,,,,,,,,,,,,,,
,ประเทศไทย,,,#N/A,,,,,,,,,,,,,,,,,,,,,,,,,,,,,,,,,,,,,,,,,,,,,,,,,,,,,,,,
,ประเทศไทย,,,#N/A,,,,,,,,,,,,,,,,,,,,,,,,,,,,,,,,,,,,,,,,,,,,,,,,,,,,,,,,
,ประเทศไทย,,,#N/A,,,,,,,,,,,,,,,,,,,,,,,,,,,,,,,,,,,,,,,,,,,,,,,,,,,,,,,,
,ประเทศไทย,,,#N/A,,,,,,,,,,,,,,,,,,,,,,,,,,,,,,,,,,,,,,,,,,,,,,,,,,,,,,,,
,ประเทศไทย,,,#N/A,,,,,,,,,,,,,,,,,,,,,,,,,,,,,,,,,,,,,,,,,,,,,,,,,,,,,,,,
,ประเทศไทย,,,#N/A,,,,,,,,,,,,,,,,,,,,,,,,,,,,,,,,,,,,,,,,,,,,,,,,,,,,,,,,
,ประเทศไทย,,,#N/A,,,,,,,,,,,,,,,,,,,,,,,,,,,,,,,,,,,,,,,,,,,,,,,,,,,,,,,,
,ประเทศไทย,,,#N/A,,,,,,,,,,,,,,,,,,,,,,,,,,,,,,,,,,,,,,,,,,,,,,,,,,,,,,,,
,ประเทศไทย,,,#N/A,,,,,,,,,,,,,,,,,,,,,,,,,,,,,,,,,,,,,,,,,,,,,,,,,,,,,,,,
,ประเทศไทย,,,#N/A,,,,,,,,,,,,,,,,,,,,,,,,,,,,,,,,,,,,,,,,,,,,,,,,,,,,,,,,
,ประเทศไทย,,,#N/A,,,,,,,,,,,,,,,,,,,,,,,,,,,,,,,,,,,,,,,,,,,,,,,,,,,,,,,,
,ประเทศไทย,,,#N/A,,,,,,,,,,,,,,,,,,,,,,,,,,,,,,,,,,,,,,,,,,,,,,,,,,,,,,,,
,ประเทศไทย,,,#N/A,,,,,,,,,,,,,,,,,,,,,,,,,,,,,,,,,,,,,,,,,,,,,,,,,,,,,,,,
,ประเทศไทย,,,#N/A,,,,,,,,,,,,,,,,,,,,,,,,,,,,,,,,,,,,,,,,,,,,,,,,,,,,,,,,
,ประเทศไทย,,,#N/A,,,,,,,,,,,,,,,,,,,,,,,,,,,,,,,,,,,,,,,,,,,,,,,,,,,,,,,,
,ประเทศไทย,,,#N/A,,,,,,,,,,,,,,,,,,,,,,,,,,,,,,,,,,,,,,,,,,,,,,,,,,,,,,,,
,ประเทศไทย,,,#N/A,,,,,,,,,,,,,,,,,,,,,,,,,,,,,,,,,,,,,,,,,,,,,,,,,,,,,,,,
,ประเทศไทย,,,#N/A,,,,,,,,,,,,,,,,,,,,,,,,,,,,,,,,,,,,,,,,,,,,,,,,,,,,,,,,
,ประเทศไทย,,,#N/A,,,,,,,,,,,,,,,,,,,,,,,,,,,,,,,,,,,,,,,,,,,,,,,,,,,,,,,,
,ประเทศไทย,,,#N/A,,,,,,,,,,,,,,,,,,,,,,,,,,,,,,,,,,,,,,,,,,,,,,,,,,,,,,,,
,ประเทศไทย,,,#N/A,,,,,,,,,,,,,,,,,,,,,,,,,,,,,,,,,,,,,,,,,,,,,,,,,,,,,,,,
,ประเทศไทย,,,#N/A,,,,,,,,,,,,,,,,,,,,,,,,,,,,,,,,,,,,,,,,,,,,,,,,,,,,,,,,
,ประเทศไทย,,,#N/A,,,,,,,,,,,,,,,,,,,,,,,,,,,,,,,,,,,,,,,,,,,,,,,,,,,,,,,,
,ประเทศไทย,,,#N/A,,,,,,,,,,,,,,,,,,,,,,,,,,,,,,,,,,,,,,,,,,,,,,,,,,,,,,,,
,ประเทศไทย,,,#N/A,,,,,,,,,,,,,,,,,,,,,,,,,,,,,,,,,,,,,,,,,,,,,,,,,,,,,,,,
,ประเทศไทย,,,#N/A,,,,,,,,,,,,,,,,,,,,,,,,,,,,,,,,,,,,,,,,,,,,,,,,,,,,,,,,
,ประเทศไทย,,,#N/A,,,,,,,,,,,,,,,,,,,,,,,,,,,,,,,,,,,,,,,,,,,,,,,,,,,,,,,,
,ประเทศไทย,,,#N/A,,,,,,,,,,,,,,,,,,,,,,,,,,,,,,,,,,,,,,,,,,,,,,,,,,,,,,,,
,ประเทศไทย,,,#N/A,,,,,,,,,,,,,,,,,,,,,,,,,,,,,,,,,,,,,,,,,,,,,,,,,,,,,,,,
,ประเทศไทย,,,#N/A,,,,,,,,,,,,,,,,,,,,,,,,,,,,,,,,,,,,,,,,,,,,,,,,,,,,,,,,
,ประเทศไทย,,,#N/A,,,,,,,,,,,,,,,,,,,,,,,,,,,,,,,,,,,,,,,,,,,,,,,,,,,,,,,,
,ประเทศไทย,,,#N/A,,,,,,,,,,,,,,,,,,,,,,,,,,,,,,,,,,,,,,,,,,,,,,,,,,,,,,,,
,ประเทศไทย,,,#N/A,,,,,,,,,,,,,,,,,,,,,,,,,,,,,,,,,,,,,,,,,,,,,,,,,,,,,,,,
,ประเทศไทย,,,#N/A,,,,,,,,,,,,,,,,,,,,,,,,,,,,,,,,,,,,,,,,,,,,,,,,,,,,,,,,
,ประเทศไทย,,,#N/A,,,,,,,,,,,,,,,,,,,,,,,,,,,,,,,,,,,,,,,,,,,,,,,,,,,,,,,,
,ประเทศไทย,,,#N/A,,,,,,,,,,,,,,,,,,,,,,,,,,,,,,,,,,,,,,,,,,,,,,,,,,,,,,,,
,ประเทศไทย,,,#N/A,,,,,,,,,,,,,,,,,,,,,,,,,,,,,,,,,,,,,,,,,,,,,,,,,,,,,,,,
,ประเทศไทย,,,#N/A,,,,,,,,,,,,,,,,,,,,,,,,,,,,,,,,,,,,,,,,,,,,,,,,,,,,,,,,
,ประเทศไทย,,,#N/A,,,,,,,,,,,,,,,,,,,,,,,,,,,,,,,,,,,,,,,,,,,,,,,,,,,,,,,,
,ประเทศไทย,,,#N/A,,,,,,,,,,,,,,,,,,,,,,,,,,,,,,,,,,,,,,,,,,,,,,,,,,,,,,,,
,ประเทศไทย,,,#N/A,,,,,,,,,,,,,,,,,,,,,,,,,,,,,,,,,,,,,,,,,,,,,,,,,,,,,,,,
,ประเทศไทย,,,#N/A,,,,,,,,,,,,,,,,,,,,,,,,,,,,,,,,,,,,,,,,,,,,,,,,,,,,,,,,
,ประเทศไทย,,,#N/A,,,,,,,,,,,,,,,,,,,,,,,,,,,,,,,,,,,,,,,,,,,,,,,,,,,,,,,,
,ประเทศไทย,,,#N/A,,,,,,,,,,,,,,,,,,,,,,,,,,,,,,,,,,,,,,,,,,,,,,,,,,,,,,,,
,ประเทศไทย,,,#N/A,,,,,,,,,,,,,,,,,,,,,,,,,,,,,,,,,,,,,,,,,,,,,,,,,,,,,,,,
,ประเทศไทย,,,#N/A,,,,,,,,,,,,,,,,,,,,,,,,,,,,,,,,,,,,,,,,,,,,,,,,,,,,,,,,
,ประเทศไทย,,,#N/A,,,,,,,,,,,,,,,,,,,,,,,,,,,,,,,,,,,,,,,,,,,,,,,,,,,,,,,,
,ประเทศไทย,,,#N/A,,,,,,,,,,,,,,,,,,,,,,,,,,,,,,,,,,,,,,,,,,,,,,,,,,,,,,,,
,ประเทศไทย,,,#N/A,,,,,,,,,,,,,,,,,,,,,,,,,,,,,,,,,,,,,,,,,,,,,,,,,,,,,,,,
,ประเทศไทย,,,#N/A,,,,,,,,,,,,,,,,,,,,,,,,,,,,,,,,,,,,,,,,,,,,,,,,,,,,,,,,
,ประเทศไทย,,,#N/A,,,,,,,,,,,,,,,,,,,,,,,,,,,,,,,,,,,,,,,,,,,,,,,,,,,,,,,,
,ประเทศไทย,,,#N/A,,,,,,,,,,,,,,,,,,,,,,,,,,,,,,,,,,,,,,,,,,,,,,,,,,,,,,,,
,ประเทศไทย,,,#N/A,,,,,,,,,,,,,,,,,,,,,,,,,,,,,,,,,,,,,,,,,,,,,,,,,,,,,,,,
,ประเทศไทย,,,#N/A,,,,,,,,,,,,,,,,,,,,,,,,,,,,,,,,,,,,,,,,,,,,,,,,,,,,,,,,
,ประเทศไทย,,,#N/A,,,,,,,,,,,,,,,,,,,,,,,,,,,,,,,,,,,,,,,,,,,,,,,,,,,,,,,,
,ประเทศไทย,,,#N/A,,,,,,,,,,,,,,,,,,,,,,,,,,,,,,,,,,,,,,,,,,,,,,,,,,,,,,,,
,ประเทศไทย,,,#N/A,,,,,,,,,,,,,,,,,,,,,,,,,,,,,,,,,,,,,,,,,,,,,,,,,,,,,,,,
,ประเทศไทย,,,#N/A,,,,,,,,,,,,,,,,,,,,,,,,,,,,,,,,,,,,,,,,,,,,,,,,,,,,,,,,
,ประเทศไทย,,,#N/A,,,,,,,,,,,,,,,,,,,,,,,,,,,,,,,,,,,,,,,,,,,,,,,,,,,,,,,,
,ประเทศไทย,,,#N/A,,,,,,,,,,,,,,,,,,,,,,,,,,,,,,,,,,,,,,,,,,,,,,,,,,,,,,,,
,ประเทศไทย,,,#N/A,,,,,,,,,,,,,,,,,,,,,,,,,,,,,,,,,,,,,,,,,,,,,,,,,,,,,,,,
,ประเทศไทย,,,#N/A,,,,,,,,,,,,,,,,,,,,,,,,,,,,,,,,,,,,,,,,,,,,,,,,,,,,,,,,
,ประเทศไทย,,,#N/A,,,,,,,,,,,,,,,,,,,,,,,,,,,,,,,,,,,,,,,,,,,,,,,,,,,,,,,,
,ประเทศไทย,,,#N/A,,,,,,,,,,,,,,,,,,,,,,,,,,,,,,,,,,,,,,,,,,,,,,,,,,,,,,,,
,ประเทศไทย,,,#N/A,,,,,,,,,,,,,,,,,,,,,,,,,,,,,,,,,,,,,,,,,,,,,,,,,,,,,,,,
,ประเทศไทย,,,#N/A,,,,,,,,,,,,,,,,,,,,,,,,,,,,,,,,,,,,,,,,,,,,,,,,,,,,,,,,
,ประเทศไทย,,,#N/A,,,,,,,,,,,,,,,,,,,,,,,,,,,,,,,,,,,,,,,,,,,,,,,,,,,,,,,,
,ประเทศไทย,,,#N/A,,,,,,,,,,,,,,,,,,,,,,,,,,,,,,,,,,,,,,,,,,,,,,,,,,,,,,,,
,ประเทศไทย,,,#N/A,,,,,,,,,,,,,,,,,,,,,,,,,,,,,,,,,,,,,,,,,,,,,,,,,,,,,,,,
,ประเทศไทย,,,#N/A,,,,,,,,,,,,,,,,,,,,,,,,,,,,,,,,,,,,,,,,,,,,,,,,,,,,,,,,
,ประเทศไทย,,,#N/A,,,,,,,,,,,,,,,,,,,,,,,,,,,,,,,,,,,,,,,,,,,,,,,,,,,,,,,,
,ประเทศไทย,,,#N/A,,,,,,,,,,,,,,,,,,,,,,,,,,,,,,,,,,,,,,,,,,,,,,,,,,,,,,,,
,ประเทศไทย,,,#N/A,,,,,,,,,,,,,,,,,,,,,,,,,,,,,,,,,,,,,,,,,,,,,,,,,,,,,,,,
,ประเทศไทย,,,#N/A,,,,,,,,,,,,,,,,,,,,,,,,,,,,,,,,,,,,,,,,,,,,,,,,,,,,,,,,
,ประเทศไทย,,,#N/A,,,,,,,,,,,,,,,,,,,,,,,,,,,,,,,,,,,,,,,,,,,,,,,,,,,,,,,,
,ประเทศไทย,,,#N/A,,,,,,,,,,,,,,,,,,,,,,,,,,,,,,,,,,,,,,,,,,,,,,,,,,,,,,,,
,ประเทศไทย,,,#N/A,,,,,,,,,,,,,,,,,,,,,,,,,,,,,,,,,,,,,,,,,,,,,,,,,,,,,,,,
,ประเทศไทย,,,#N/A,,,,,,,,,,,,,,,,,,,,,,,,,,,,,,,,,,,,,,,,,,,,,,,,,,,,,,,,
,ประเทศไทย,,,#N/A,,,,,,,,,,,,,,,,,,,,,,,,,,,,,,,,,,,,,,,,,,,,,,,,,,,,,,,,
,ประเทศไทย,,,#N/A,,,,,,,,,,,,,,,,,,,,,,,,,,,,,,,,,,,,,,,,,,,,,,,,,,,,,,,,
,ประเทศไทย,,,#N/A,,,,,,,,,,,,,,,,,,,,,,,,,,,,,,,,,,,,,,,,,,,,,,,,,,,,,,,,
,ประเทศไทย,,,#N/A,,,,,,,,,,,,,,,,,,,,,,,,,,,,,,,,,,,,,,,,,,,,,,,,,,,,,,,,
,ประเทศไทย,,,#N/A,,,,,,,,,,,,,,,,,,,,,,,,,,,,,,,,,,,,,,,,,,,,,,,,,,,,,,,,
,ประเทศไทย,,,#N/A,,,,,,,,,,,,,,,,,,,,,,,,,,,,,,,,,,,,,,,,,,,,,,,,,,,,,,,,
,ประเทศไทย,,,#N/A,,,,,,,,,,,,,,,,,,,,,,,,,,,,,,,,,,,,,,,,,,,,,,,,,,,,,,,,
,ประเทศไทย,,,#N/A,,,,,,,,,,,,,,,,,,,,,,,,,,,,,,,,,,,,,,,,,,,,,,,,,,,,,,,,
,ประเทศไทย,,,#N/A,,,,,,,,,,,,,,,,,,,,,,,,,,,,,,,,,,,,,,,,,,,,,,,,,,,,,,,,
,ประเทศไทย,,,#N/A,,,,,,,,,,,,,,,,,,,,,,,,,,,,,,,,,,,,,,,,,,,,,,,,,,,,,,,,
,ประเทศไทย,,,#N/A,,,,,,,,,,,,,,,,,,,,,,,,,,,,,,,,,,,,,,,,,,,,,,,,,,,,,,,,
,ประเทศไทย,,,#N/A,,,,,,,,,,,,,,,,,,,,,,,,,,,,,,,,,,,,,,,,,,,,,,,,,,,,,,,,
,ประเทศไทย,,,#N/A,,,,,,,,,,,,,,,,,,,,,,,,,,,,,,,,,,,,,,,,,,,,,,,,,,,,,,,,
,ประเทศไทย,,,#N/A,,,,,,,,,,,,,,,,,,,,,,,,,,,,,,,,,,,,,,,,,,,,,,,,,,,,,,,,
,ประเทศไทย,,,#N/A,,,,,,,,,,,,,,,,,,,,,,,,,,,,,,,,,,,,,,,,,,,,,,,,,,,,,,,,
,ประเทศไทย,,,#N/A,,,,,,,,,,,,,,,,,,,,,,,,,,,,,,,,,,,,,,,,,,,,,,,,,,,,,,,,
,ประเทศไทย,,,#N/A,,,,,,,,,,,,,,,,,,,,,,,,,,,,,,,,,,,,,,,,,,,,,,,,,,,,,,,,
,ประเทศไทย,,,#N/A,,,,,,,,,,,,,,,,,,,,,,,,,,,,,,,,,,,,,,,,,,,,,,,,,,,,,,,,
,ประเทศไทย,,,#N/A,,,,,,,,,,,,,,,,,,,,,,,,,,,,,,,,,,,,,,,,,,,,,,,,,,,,,,,,
,ประเทศไทย,,,#N/A,,,,,,,,,,,,,,,,,,,,,,,,,,,,,,,,,,,,,,,,,,,,,,,,,,,,,,,,
,ประเทศไทย,,,#N/A,,,,,,,,,,,,,,,,,,,,,,,,,,,,,,,,,,,,,,,,,,,,,,,,,,,,,,,,
,ประเทศไทย,,,#N/A,,,,,,,,,,,,,,,,,,,,,,,,,,,,,,,,,,,,,,,,,,,,,,,,,,,,,,,,
,ประเทศไทย,,,#N/A,,,,,,,,,,,,,,,,,,,,,,,,,,,,,,,,,,,,,,,,,,,,,,,,,,,,,,,,
,ประเทศไทย,,,#N/A,,,,,,,,,,,,,,,,,,,,,,,,,,,,,,,,,,,,,,,,,,,,,,,,,,,,,,,,
,ประเทศไทย,,,#N/A,,,,,,,,,,,,,,,,,,,,,,,,,,,,,,,,,,,,,,,,,,,,,,,,,,,,,,,,
,ประเทศไทย,,,#N/A,,,,,,,,,,,,,,,,,,,,,,,,,,,,,,,,,,,,,,,,,,,,,,,,,,,,,,,,
,ประเทศไทย,,,#N/A,,,,,,,,,,,,,,,,,,,,,,,,,,,,,,,,,,,,,,,,,,,,,,,,,,,,,,,,
,ประเทศไทย,,,#N/A,,,,,,,,,,,,,,,,,,,,,,,,,,,,,,,,,,,,,,,,,,,,,,,,,,,,,,,,
,ประเทศไทย,,,#N/A,,,,,,,,,,,,,,,,,,,,,,,,,,,,,,,,,,,,,,,,,,,,,,,,,,,,,,,,
,ประเทศไทย,,,#N/A,,,,,,,,,,,,,,,,,,,,,,,,,,,,,,,,,,,,,,,,,,,,,,,,,,,,,,,,
,ประเทศไทย,,,#N/A,,,,,,,,,,,,,,,,,,,,,,,,,,,,,,,,,,,,,,,,,,,,,,,,,,,,,,,,
,ประเทศไทย,,,#N/A,,,,,,,,,,,,,,,,,,,,,,,,,,,,,,,,,,,,,,,,,,,,,,,,,,,,,,,,
,ประเทศไทย,,,#N/A,,,,,,,,,,,,,,,,,,,,,,,,,,,,,,,,,,,,,,,,,,,,,,,,,,,,,,,,
,ประเทศไทย,,,#N/A,,,,,,,,,,,,,,,,,,,,,,,,,,,,,,,,,,,,,,,,,,,,,,,,,,,,,,,,
,ประเทศไทย,,,#N/A,,,,,,,,,,,,,,,,,,,,,,,,,,,,,,,,,,,,,,,,,,,,,,,,,,,,,,,,
,ประเทศไทย,,,#N/A,,,,,,,,,,,,,,,,,,,,,,,,,,,,,,,,,,,,,,,,,,,,,,,,,,,,,,,,
,ประเทศไทย,,,#N/A,,,,,,,,,,,,,,,,,,,,,,,,,,,,,,,,,,,,,,,,,,,,,,,,,,,,,,,,
,ประเทศไทย,,,#N/A,,,,,,,,,,,,,,,,,,,,,,,,,,,,,,,,,,,,,,,,,,,,,,,,,,,,,,,,
,ประเทศไทย,,,#N/A,,,,,,,,,,,,,,,,,,,,,,,,,,,,,,,,,,,,,,,,,,,,,,,,,,,,,,,,
,ประเทศไทย,,,#N/A,,,,,,,,,,,,,,,,,,,,,,,,,,,,,,,,,,,,,,,,,,,,,,,,,,,,,,,,
,ประเทศไทย,,,#N/A,,,,,,,,,,,,,,,,,,,,,,,,,,,,,,,,,,,,,,,,,,,,,,,,,,,,,,,,
,ประเทศไทย,,,#N/A,,,,,,,,,,,,,,,,,,,,,,,,,,,,,,,,,,,,,,,,,,,,,,,,,,,,,,,,
,ประเทศไทย,,,#N/A,,,,,,,,,,,,,,,,,,,,,,,,,,,,,,,,,,,,,,,,,,,,,,,,,,,,,,,,
,ประเทศไทย,,,#N/A,,,,,,,,,,,,,,,,,,,,,,,,,,,,,,,,,,,,,,,,,,,,,,,,,,,,,,,,
,ประเทศไทย,,,#N/A,,,,,,,,,,,,,,,,,,,,,,,,,,,,,,,,,,,,,,,,,,,,,,,,,,,,,,,,
,ประเทศไทย,,,#N/A,,,,,,,,,,,,,,,,,,,,,,,,,,,,,,,,,,,,,,,,,,,,,,,,,,,,,,,,
,ประเทศไทย,,,#N/A,,,,,,,,,,,,,,,,,,,,,,,,,,,,,,,,,,,,,,,,,,,,,,,,,,,,,,,,
,ประเทศไทย,,,#N/A,,,,,,,,,,,,,,,,,,,,,,,,,,,,,,,,,,,,,,,,,,,,,,,,,,,,,,,,
,ประเทศไทย,,,#N/A,,,,,,,,,,,,,,,,,,,,,,,,,,,,,,,,,,,,,,,,,,,,,,,,,,,,,,,,
,ประเทศไทย,,,#N/A,,,,,,,,,,,,,,,,,,,,,,,,,,,,,,,,,,,,,,,,,,,,,,,,,,,,,,,,
,ประเทศไทย,,,#N/A,,,,,,,,,,,,,,,,,,,,,,,,,,,,,,,,,,,,,,,,,,,,,,,,,,,,,,,,
,ประเทศไทย,,,#N/A,,,,,,,,,,,,,,,,,,,,,,,,,,,,,,,,,,,,,,,,,,,,,,,,,,,,,,,,
,ประเทศไทย,,,#N/A,,,,,,,,,,,,,,,,,,,,,,,,,,,,,,,,,,,,,,,,,,,,,,,,,,,,,,,,
,ประเทศไทย,,,#N/A,,,,,,,,,,,,,,,,,,,,,,,,,,,,,,,,,,,,,,,,,,,,,,,,,,,,,,,,
,ประเทศไทย,,,#N/A,,,,,,,,,,,,,,,,,,,,,,,,,,,,,,,,,,,,,,,,,,,,,,,,,,,,,,,,
,ประเทศไทย,,,#N/A,,,,,,,,,,,,,,,,,,,,,,,,,,,,,,,,,,,,,,,,,,,,,,,,,,,,,,,,
,ประเทศไทย,,,#N/A,,,,,,,,,,,,,,,,,,,,,,,,,,,,,,,,,,,,,,,,,,,,,,,,,,,,,,,,
,ประเทศไทย,,,#N/A,,,,,,,,,,,,,,,,,,,,,,,,,,,,,,,,,,,,,,,,,,,,,,,,,,,,,,,,
,ประเทศไทย,,,#N/A,,,,,,,,,,,,,,,,,,,,,,,,,,,,,,,,,,,,,,,,,,,,,,,,,,,,,,,,
,ประเทศไทย,,,#N/A,,,,,,,,,,,,,,,,,,,,,,,,,,,,,,,,,,,,,,,,,,,,,,,,,,,,,,,,
,ประเทศไทย,,,#N/A,,,,,,,,,,,,,,,,,,,,,,,,,,,,,,,,,,,,,,,,,,,,,,,,,,,,,,,,
,ประเทศไทย,,,#N/A,,,,,,,,,,,,,,,,,,,,,,,,,,,,,,,,,,,,,,,,,,,,,,,,,,,,,,,,
,ประเทศไทย,,,#N/A,,,,,,,,,,,,,,,,,,,,,,,,,,,,,,,,,,,,,,,,,,,,,,,,,,,,,,,,
,ประเทศไทย,,,#N/A,,,,,,,,,,,,,,,,,,,,,,,,,,,,,,,,,,,,,,,,,,,,,,,,,,,,,,,,
,ประเทศไทย,,,#N/A,,,,,,,,,,,,,,,,,,,,,,,,,,,,,,,,,,,,,,,,,,,,,,,,,,,,,,,,
,ประเทศไทย,,,#N/A,,,,,,,,,,,,,,,,,,,,,,,,,,,,,,,,,,,,,,,,,,,,,,,,,,,,,,,,
,ประเทศไทย,,,#N/A,,,,,,,,,,,,,,,,,,,,,,,,,,,,,,,,,,,,,,,,,,,,,,,,,,,,,,,,
,ประเทศไทย,,,#N/A,,,,,,,,,,,,,,,,,,,,,,,,,,,,,,,,,,,,,,,,,,,,,,,,,,,,,,,,
,ประเทศไทย,,,#N/A,,,,,,,,,,,,,,,,,,,,,,,,,,,,,,,,,,,,,,,,,,,,,,,,,,,,,,,,
,ประเทศไทย,,,#N/A,,,,,,,,,,,,,,,,,,,,,,,,,,,,,,,,,,,,,,,,,,,,,,,,,,,,,,,,
,ประเทศไทย,,,#N/A,,,,,,,,,,,,,,,,,,,,,,,,,,,,,,,,,,,,,,,,,,,,,,,,,,,,,,,,
,ประเทศไทย,,,#N/A,,,,,,,,,,,,,,,,,,,,,,,,,,,,,,,,,,,,,,,,,,,,,,,,,,,,,,,,
,ประเทศไทย,,,#N/A,,,,,,,,,,,,,,,,,,,,,,,,,,,,,,,,,,,,,,,,,,,,,,,,,,,,,,,,
,ประเทศไทย,,,#N/A,,,,,,,,,,,,,,,,,,,,,,,,,,,,,,,,,,,,,,,,,,,,,,,,,,,,,,,,
,ประเทศไทย,,,#N/A,,,,,,,,,,,,,,,,,,,,,,,,,,,,,,,,,,,,,,,,,,,,,,,,,,,,,,,,
,ประเทศไทย,,,#N/A,,,,,,,,,,,,,,,,,,,,,,,,,,,,,,,,,,,,,,,,,,,,,,,,,,,,,,,,
,ประเทศไทย,,,#N/A,,,,,,,,,,,,,,,,,,,,,,,,,,,,,,,,,,,,,,,,,,,,,,,,,,,,,,,,
,ประเทศไทย,,,#N/A,,,,,,,,,,,,,,,,,,,,,,,,,,,,,,,,,,,,,,,,,,,,,,,,,,,,,,,,
,ประเทศไทย,,,#N/A,,,,,,,,,,,,,,,,,,,,,,,,,,,,,,,,,,,,,,,,,,,,,,,,,,,,,,,,
,ประเทศไทย,,,#N/A,,,,,,,,,,,,,,,,,,,,,,,,,,,,,,,,,,,,,,,,,,,,,,,,,,,,,,,,
,ประเทศไทย,,,#N/A,,,,,,,,,,,,,,,,,,,,,,,,,,,,,,,,,,,,,,,,,,,,,,,,,,,,,,,,
,ประเทศไทย,,,#N/A,,,,,,,,,,,,,,,,,,,,,,,,,,,,,,,,,,,,,,,,,,,,,,,,,,,,,,,,
,ประเทศไทย,,,#N/A,,,,,,,,,,,,,,,,,,,,,,,,,,,,,,,,,,,,,,,,,,,,,,,,,,,,,,,,
,ประเทศไทย,,,#N/A,,,,,,,,,,,,,,,,,,,,,,,,,,,,,,,,,,,,,,,,,,,,,,,,,,,,,,,,
,ประเทศไทย,,,#N/A,,,,,,,,,,,,,,,,,,,,,,,,,,,,,,,,,,,,,,,,,,,,,,,,,,,,,,,,
,ประเทศไทย,,,#N/A,,,,,,,,,,,,,,,,,,,,,,,,,,,,,,,,,,,,,,,,,,,,,,,,,,,,,,,,
,ประเทศไทย,,,#N/A,,,,,,,,,,,,,,,,,,,,,,,,,,,,,,,,,,,,,,,,,,,,,,,,,,,,,,,,
,ประเทศไทย,,,#N/A,,,,,,,,,,,,,,,,,,,,,,,,,,,,,,,,,,,,,,,,,,,,,,,,,,,,,,,,
,ประเทศไทย,,,#N/A,,,,,,,,,,,,,,,,,,,,,,,,,,,,,,,,,,,,,,,,,,,,,,,,,,,,,,,,
,ประเทศไทย,,,#N/A,,,,,,,,,,,,,,,,,,,,,,,,,,,,,,,,,,,,,,,,,,,,,,,,,,,,,,,,
,ประเทศไทย,,,#N/A,,,,,,,,,,,,,,,,,,,,,,,,,,,,,,,,,,,,,,,,,,,,,,,,,,,,,,,,
,ประเทศไทย,,,#N/A,,,,,,,,,,,,,,,,,,,,,,,,,,,,,,,,,,,,,,,,,,,,,,,,,,,,,,,,
,ประเทศไทย,,,#N/A,,,,,,,,,,,,,,,,,,,,,,,,,,,,,,,,,,,,,,,,,,,,,,,,,,,,,,,,
,ประเทศไทย,,,#N/A,,,,,,,,,,,,,,,,,,,,,,,,,,,,,,,,,,,,,,,,,,,,,,,,,,,,,,,,
,ประเทศไทย,,,#N/A,,,,,,,,,,,,,,,,,,,,,,,,,,,,,,,,,,,,,,,,,,,,,,,,,,,,,,,,
,ประเทศไทย,,,#N/A,,,,,,,,,,,,,,,,,,,,,,,,,,,,,,,,,,,,,,,,,,,,,,,,,,,,,,,,
,ประเทศไทย,,,#N/A,,,,,,,,,,,,,,,,,,,,,,,,,,,,,,,,,,,,,,,,,,,,,,,,,,,,,,,,
,ประเทศไทย,,,#N/A,,,,,,,,,,,,,,,,,,,,,,,,,,,,,,,,,,,,,,,,,,,,,,,,,,,,,,,,
,ประเทศไทย,,,#N/A,,,,,,,,,,,,,,,,,,,,,,,,,,,,,,,,,,,,,,,,,,,,,,,,,,,,,,,,
,ประเทศไทย,,,#N/A,,,,,,,,,,,,,,,,,,,,,,,,,,,,,,,,,,,,,,,,,,,,,,,,,,,,,,,,
,ประเทศไทย,,,#N/A,,,,,,,,,,,,,,,,,,,,,,,,,,,,,,,,,,,,,,,,,,,,,,,,,,,,,,,,
,ประเทศไทย,,,#N/A,,,,,,,,,,,,,,,,,,,,,,,,,,,,,,,,,,,,,,,,,,,,,,,,,,,,,,,,
,ประเทศไทย,,,#N/A,,,,,,,,,,,,,,,,,,,,,,,,,,,,,,,,,,,,,,,,,,,,,,,,,,,,,,,,
,ประเทศไทย,,,#N/A,,,,,,,,,,,,,,,,,,,,,,,,,,,,,,,,,,,,,,,,,,,,,,,,,,,,,,,,
,ประเทศไทย,,,#N/A,,,,,,,,,,,,,,,,,,,,,,,,,,,,,,,,,,,,,,,,,,,,,,,,,,,,,,,,
,ประเทศไทย,,,#N/A,,,,,,,,,,,,,,,,,,,,,,,,,,,,,,,,,,,,,,,,,,,,,,,,,,,,,,,,
,ประเทศไทย,,,#N/A,,,,,,,,,,,,,,,,,,,,,,,,,,,,,,,,,,,,,,,,,,,,,,,,,,,,,,,,
,ประเทศไทย,,,#N/A,,,,,,,,,,,,,,,,,,,,,,,,,,,,,,,,,,,,,,,,,,,,,,,,,,,,,,,,
,ประเทศไทย,,,#N/A,,,,,,,,,,,,,,,,,,,,,,,,,,,,,,,,,,,,,,,,,,,,,,,,,,,,,,,,
,ประเทศไทย,,,#N/A,,,,,,,,,,,,,,,,,,,,,,,,,,,,,,,,,,,,,,,,,,,,,,,,,,,,,,,,
,ประเทศไทย,,,#N/A,,,,,,,,,,,,,,,,,,,,,,,,,,,,,,,,,,,,,,,,,,,,,,,,,,,,,,,,
,ประเทศไทย,,,#N/A,,,,,,,,,,,,,,,,,,,,,,,,,,,,,,,,,,,,,,,,,,,,,,,,,,,,,,,,
,ประเทศไทย,,,#N/A,,,,,,,,,,,,,,,,,,,,,,,,,,,,,,,,,,,,,,,,,,,,,,,,,,,,,,,,
,ประเทศไทย,,,#N/A,,,,,,,,,,,,,,,,,,,,,,,,,,,,,,,,,,,,,,,,,,,,,,,,,,,,,,,,
,ประเทศไทย,,,#N/A,,,,,,,,,,,,,,,,,,,,,,,,,,,,,,,,,,,,,,,,,,,,,,,,,,,,,,,,
,ประเทศไทย,,,#N/A,,,,,,,,,,,,,,,,,,,,,,,,,,,,,,,,,,,,,,,,,,,,,,,,,,,,,,,,
,ประเทศไทย,,,#N/A,,,,,,,,,,,,,,,,,,,,,,,,,,,,,,,,,,,,,,,,,,,,,,,,,,,,,,,,
,ประเทศไทย,,,#N/A,,,,,,,,,,,,,,,,,,,,,,,,,,,,,,,,,,,,,,,,,,,,,,,,,,,,,,,,
,ประเทศไทย,,,#N/A,,,,,,,,,,,,,,,,,,,,,,,,,,,,,,,,,,,,,,,,,,,,,,,,,,,,,,,,
,ประเทศไทย,,,#N/A,,,,,,,,,,,,,,,,,,,,,,,,,,,,,,,,,,,,,,,,,,,,,,,,,,,,,,,,
,ประเทศไทย,,,#N/A,,,,,,,,,,,,,,,,,,,,,,,,,,,,,,,,,,,,,,,,,,,,,,,,,,,,,,,,
,ประเทศไทย,,,#N/A,,,,,,,,,,,,,,,,,,,,,,,,,,,,,,,,,,,,,,,,,,,,,,,,,,,,,,,,
,ประเทศไทย,,,#N/A,,,,,,,,,,,,,,,,,,,,,,,,,,,,,,,,,,,,,,,,,,,,,,,,,,,,,,,,
,ประเทศไทย,,,#N/A,,,,,,,,,,,,,,,,,,,,,,,,,,,,,,,,,,,,,,,,,,,,,,,,,,,,,,,,
,ประเทศไทย,,,#N/A,,,,,,,,,,,,,,,,,,,,,,,,,,,,,,,,,,,,,,,,,,,,,,,,,,,,,,,,
,ประเทศไทย,,,#N/A,,,,,,,,,,,,,,,,,,,,,,,,,,,,,,,,,,,,,,,,,,,,,,,,,,,,,,,,
,ประเทศไทย,,,#N/A,,,,,,,,,,,,,,,,,,,,,,,,,,,,,,,,,,,,,,,,,,,,,,,,,,,,,,,,
